pc2003	hs6plus
"10101130"	"897"
"10101150"	"897"
"10101200"	"270120"
"10201030"	"270210"
"10201050"	"270220"
"10301000"	"270300"
"11101030"	"493"
"11101050"	"493"
"11102000"	"1"
"11104000"	"271410"
"13101030"	"260111"
"13101050"	"260112"
"13201100"	"260300"
"13201200"	"260400"
"13201300"	"260600"
"13201400"	"2"
"13201530"	"260900"
"13201550"	"260700"
"13201570"	"260800"
"13201630"	"261100"
"13201650"	"260200"
"13201690"	"3"
"14111133"	"251511"
"14111135"	"489"
"14111137"	"489"
"14111150"	"251520"
"14111233"	"251611"
"14111235"	"490"
"14111237"	"490"
"14111253"	"251621"
"14111256"	"251622"
"14111290"	"251690"
"14121030"	"252010"
"14121050"	"252100"
"14122010"	"250900"
"14122030"	"251810"
"14122050"	"251820"
"14122070"	"251830"
"14131000"	"251400"
"14211150"	"250510"
"14211190"	"250590"
"14211210"	"491"
"14211230"	"491"
"14211250"	"251741"
"14211290"	"251749"
"14211330"	"251720"
"14211350"	"251730"
"14221140"	"488"
"14221160"	"488"
"14221210"	"4"
"14221230"	"250830"
"14221250"	"250840"
"14221270"	"5"
"14221290"	"250870"
"14301130"	"6"
"14301150"	"310410"
"14301230"	"250200"
"14301250"	"487"
"14301313"	"251110"
"14301315"	"251120"
"14301355"	"252810"
"14301359"	"252890"
"14301373"	"252921"
"14301375"	"252922"
"14301383"	"253020"
"14301389"	"253090"
"14401000"	"250100"
"14501000"	"271490"
"14502150"	"7"
"14502190"	"710310"
"14502250"	"8"
"14502270"	"710221"
"14502313"	"9"
"14502315"	"10"
"14502320"	"251200"
"14502333"	"251910"
"14502335"	"251990"
"14502340"	"252400"
"14502353"	"11"
"14502355"	"12"
"14502363"	"252910"
"14502365"	"252930"
"14502370"	"253010"
"14502380"	"262190"
"15111140"	"882"
"15111190"	"882"
"15111200"	"13"
"15111330"	"020311"
"15111350"	"020312"
"15111390"	"020319"
"15111430"	"020321"
"15111450"	"020322"
"15111490"	"020329"
"15111500"	"14"
"15111600"	"15"
"15111700"	"020450"
"15111800"	"020500"
"15111900"	"16"
"15112100"	"510119"
"15112400"	"17"
"15112500"	"410190"
"15112600"	"18"
"15112700"	"410310"
"15113040"	"885"
"15113060"	"885"
"15113070"	"150200"
"15114030"	"050400"
"15114090"	"19"
"15121113"	"020711"
"15121115"	"020724"
"15121117"	"020732"
"15121130"	"020734"
"15121153"	"883"
"15121155"	"883"
"15121157"	"883"
"15121170"	"883"
"15121213"	"020712"
"15121215"	"020725"
"15121217"	"020733"
"15121253"	"884"
"15121255"	"884"
"15121257"	"884"
"15121271"	"884"
"15121275"	"884"
"15121300"	"20"
"15121400"	"885"
"15131110"	"021011"
"15131130"	"021012"
"15131150"	"021019"
"15131170"	"021020"
"15131190"	"21"
"15131213"	"466"
"15131215"	"466"
"15131223"	"467"
"15131225"	"467"
"15131233"	"160231"
"15131235"	"22"
"15131243"	"160241"
"15131245"	"160242"
"15131253"	"468"
"15131259"	"468"
"15131260"	"160250"
"15131270"	"160300"
"15131290"	"160290"
"15131300"	"230110"
"15201130"	"030270"
"15201190"	"030410"
"15201210"	"886"
"15201230"	"886"
"15201250"	"030380"
"15201270"	"030420"
"15201290"	"030490"
"15201310"	"23"
"15201330"	"030530"
"15201353"	"030541"
"15201355"	"030542"
"15201359"	"030549"
"15201370"	"24"
"15201411"	"160411"
"15201412"	"160412"
"15201413"	"160413"
"15201414"	"160414"
"15201415"	"160415"
"15201416"	"160416"
"15201417"	"469"
"15201419"	"469"
"15201430"	"160420"
"15201451"	"470"
"15201459"	"470"
"15201530"	"25"
"15201553"	"26"
"15201559"	"27"
"15201600"	"28"
"15201700"	"230120"
"15201800"	"051191"
"15311100"	"071010"
"15311210"	"463"
"15311230"	"29"
"15311250"	"200410"
"15311270"	"479"
"15311290"	"479"
"15321013"	"892"
"15321015"	"892"
"15321021"	"892"
"15321022"	"892"
"15321023"	"892"
"15321024"	"200950"
"15321025"	"892"
"15321026"	"892"
"15321029"	"892"
"15321030"	"892"
"15321040"	"892"
"15331100"	"30"
"15331200"	"31"
"15331330"	"071220"
"15331350"	"32"
"15331390"	"463"
"15331423"	"200210"
"15331425"	"478"
"15331427"	"478"
"15331430"	"33"
"15331440"	"200490"
"15331461"	"480"
"15331462"	"200540"
"15331463"	"200551"
"15331464"	"200559"
"15331465"	"200560"
"15331466"	"200570"
"15331467"	"200580"
"15331490"	"480"
"15331500"	"34"
"15332100"	"35"
"15332230"	"200791"
"15332290"	"200799"
"15332330"	"200811"
"15332390"	"200819"
"15332400"	"36"
"15332510"	"080620"
"15332520"	"37"
"15332530"	"081400"
"15332550"	"38"
"15332600"	"121230"
"15333000"	"230800"
"15411130"	"150300"
"15411150"	"39"
"15411190"	"150600"
"15411210"	"150710"
"15411220"	"150810"
"15411230"	"150910"
"15411240"	"151211"
"15411250"	"151221"
"15411260"	"40"
"15411310"	"151110"
"15411330"	"151311"
"15411350"	"151321"
"15411370"	"151511"
"15412000"	"140420"
"15413130"	"230400"
"15413150"	"230630"
"15413170"	"41"
"15413190"	"42"
"15413200"	"43"
"15421110"	"150790"
"15421120"	"150890"
"15421131"	"150990"
"15421139"	"151000"
"15421140"	"151219"
"15421150"	"151229"
"15421160"	"44"
"15421170"	"151550"
"15421210"	"151190"
"15421220"	"151319"
"15421230"	"151329"
"15421240"	"151519"
"15421250"	"151530"
"15421260"	"151540"
"15421280"	"151590"
"15421330"	"151610"
"15421350"	"151620"
"15422030"	"152110"
"15422050"	"152200"
"15431030"	"151710"
"15431050"	"151790"
"15511130"	"040110"
"15511140"	"461"
"15511160"	"461"
"15511200"	"040130"
"15512030"	"040210"
"15512060"	"45"
"15513030"	"888"
"15513050"	"888"
"15513070"	"040520"
"15514030"	"040610"
"15514050"	"46"
"15514070"	"040630"
"15515104"	"040291"
"15515108"	"040299"
"15515245"	"887"
"15515263"	"887"
"15515265"	"887"
"155152Z1"	"887"
"15515300"	"350110"
"15515400"	"47"
"15515533"	"462"
"15515540"	"462"
"15515590"	"040490"
"15521000"	"210500"
"15611000"	"100620"
"15612100"	"110100"
"15612200"	"48"
"15612300"	"49"
"15612400"	"190120"
"15613133"	"464"
"15613135"	"464"
"15613230"	"50"
"15613240"	"465"
"15613250"	"465"
"15613333"	"51"
"15613335"	"110430"
"15613351"	"890"
"15613353"	"890"
"15613355"	"52"
"15614030"	"100630"
"15614050"	"100640"
"15615010"	"230210"
"15615030"	"230220"
"15615050"	"230230"
"15615090"	"53"
"15621030"	"151521"
"15621050"	"151529"
"15622110"	"54"
"15622120"	"889"
"15622130"	"889"
"15622140"	"889"
"15622150"	"889"
"15622190"	"889"
"15622211"	"110811"
"15622213"	"110812"
"15622215"	"110813"
"15622219"	"55"
"15622230"	"110820"
"15622250"	"110900"
"15622270"	"350510"
"15622300"	"190300"
"15623000"	"230310"
"157010Z3"	"230990"
"15721030"	"230910"
"15811100"	"477"
"15811200"	"477"
"15821130"	"190510"
"15821150"	"190540"
"15821230"	"190520"
"15821253"	"891"
"15821255"	"891"
"15821259"	"891"
"15821310"	"477"
"15821320"	"477"
"15821330"	"477"
"15821340"	"477"
"15821350"	"477"
"15821390"	"477"
"15831100"	"56"
"15831230"	"471"
"15831290"	"471"
"15831330"	"170191"
"15831350"	"170220"
"15831430"	"170310"
"15831450"	"170390"
"15832000"	"230320"
"15841100"	"57"
"15841200"	"180400"
"15841300"	"180500"
"15841400"	"180610"
"15842133"	"473"
"15842135"	"473"
"15842137"	"473"
"15842150"	"473"
"15842170"	"473"
"15842190"	"473"
"15842233"	"180631"
"15842235"	"474"
"15842239"	"474"
"15842243"	"475"
"15842245"	"475"
"15842253"	"475"
"15842255"	"475"
"15842260"	"475"
"15842270"	"475"
"15842280"	"475"
"15842290"	"475"
"15842310"	"170410"
"15842320"	"472"
"15842330"	"472"
"15842353"	"472"
"15842355"	"472"
"15842363"	"472"
"15842365"	"472"
"15842373"	"472"
"15842375"	"472"
"15842383"	"472"
"15842390"	"472"
"15842400"	"200600"
"15851130"	"190211"
"15851150"	"190219"
"15851233"	"190220"
"15851235"	"190230"
"15851250"	"190240"
"15861130"	"090112"
"15861150"	"090121"
"15861170"	"090122"
"15861210"	"090190"
"15861230"	"893"
"15861250"	"893"
"15861270"	"210130"
"15861300"	"58"
"15861400"	"210120"
"15871130"	"486"
"15871190"	"486"
"15871210"	"210310"
"15871230"	"210320"
"15871253"	"482"
"15871255"	"482"
"15871270"	"210390"
"15881010"	"160210"
"15881030"	"200510"
"15881050"	"200710"
"15881060"	"210420"
"15881070"	"190110"
"15891100"	"210410"
"15891230"	"59"
"15891250"	"60"
"15891333"	"481"
"15891335"	"481"
"15891339"	"481"
"15891350"	"210220"
"15891370"	"210230"
"15891431"	"476"
"15891439"	"476"
"15891491"	"894"
"15891499"	"894"
"15911020"	"220820"
"15911030"	"220830"
"15911040"	"220840"
"15911050"	"220850"
"15911063"	"896"
"15911065"	"896"
"15911070"	"896"
"15911080"	"896"
"15921100"	"220710"
"15921200"	"220720"
"15931130"	"484"
"15931193"	"484"
"15931195"	"484"
"15931211"	"895"
"15931213"	"895"
"15931215"	"895"
"15931217"	"895"
"15931219"	"895"
"15931230"	"895"
"15931253"	"485"
"15931259"	"485"
"15941000"	"220600"
"15951000"	"61"
"15961000"	"220300"
"15962000"	"230330"
"15971030"	"110710"
"15971050"	"110720"
"15981130"	"220110"
"15981150"	"220190"
"15981230"	"220210"
"15981250"	"483"
"15981270"	"483"
"16001130"	"240210"
"16001150"	"240220"
"16001170"	"240290"
"16001230"	"240310"
"16001290"	"62"
"17101000"	"150500"
"17102011"	"500200"
"17102019"	"500390"
"17102021"	"63"
"17102023"	"510130"
"17102025"	"510310"
"17102027"	"64"
"17102030"	"520300"
"17102040"	"65"
"17102050"	"66"
"17103030"	"919"
"17103050"	"919"
"171030Q0"	"919"
"17104150"	"500400"
"17104190"	"500500"
"171042Z1"	"67"
"171042Z2"	"68"
"171043Z1"	"69"
"171043Z2"	"70"
"17104400"	"912"
"17104510"	"912"
"17104530"	"912"
"17104553"	"912"
"17104555"	"912"
"17104557"	"912"
"17104570"	"912"
"171045Q0"	"912"
"17104600"	"71"
"17105130"	"72"
"17105150"	"73"
"171052Z1"	"74"
"171052Z2"	"550951"
"171052Z3"	"75"
"171052Z4"	"76"
"171053Z1"	"77"
"171054Z1"	"78"
"17105513"	"914"
"17105515"	"914"
"17105530"	"914"
"17105553"	"914"
"17105555"	"914"
"17105570"	"914"
"171055Q0"	"914"
"17201010"	"79"
"17201070"	"80"
"17201090"	"531100"
"172010Z1"	"81"
"172010Z2"	"82"
"172010Z3"	"83"
"172010Z4"	"84"
"17202020"	"913"
"17202060"	"85"
"172020Z1"	"913"
"172020Z3"	"86"
"172020Z5"	"913"
"17203130"	"87"
"172031Z1"	"88"
"172031Z2"	"89"
"172032Z1"	"90"
"172032Z2"	"91"
"172032Z3"	"92"
"172032Z4"	"93"
"172032Z5"	"94"
"17203350"	"95"
"172033Z1"	"96"
"17204010"	"97"
"17204033"	"925"
"17204035"	"925"
"17204050"	"580230"
"17204070"	"98"
"17204090"	"99"
"172040Q0"	"925"
"17401130"	"952"
"17401150"	"952"
"17401190"	"952"
"174011Q0"	"952"
"17401230"	"630210"
"17401253"	"953"
"17401255"	"953"
"17401259"	"953"
"17401270"	"953"
"174012Q0"	"953"
"17401330"	"954"
"17401353"	"954"
"17401355"	"954"
"17401359"	"954"
"17401370"	"954"
"174013Q0"	"954"
"17401430"	"955"
"17401450"	"955"
"17401470"	"955"
"174014Q0"	"955"
"17401530"	"100"
"17401550"	"956"
"17401570"	"956"
"174015Q0"	"956"
"17401630"	"580500"
"17401653"	"101"
"17401659"	"102"
"17401670"	"630800"
"17402130"	"957"
"17402150"	"957"
"17402173"	"957"
"17402175"	"957"
"17402190"	"957"
"174021Q1"	"957"
"174021Q2"	"957"
"17402210"	"103"
"17402230"	"104"
"17402250"	"105"
"17402270"	"106"
"17402300"	"880400"
"17402430"	"940430"
"17402493"	"861"
"17402499"	"861"
"17402553"	"958"
"17402557"	"958"
"17402590"	"958"
"17511100"	"107"
"17511200"	"108"
"17511300"	"109"
"17511430"	"110"
"17511490"	"570500"
"17521133"	"922"
"17521135"	"922"
"17521153"	"923"
"17521155"	"923"
"17521160"	"922"
"17521170"	"922"
"17521190"	"922"
"175211Q1"	"922"
"175211Q2"	"923"
"17521233"	"585"
"17521235"	"585"
"17521253"	"924"
"17521255"	"924"
"17521259"	"924"
"17521280"	"560900"
"175212Q0"	"585"
"17531010"	"921"
"17531020"	"921"
"17531030"	"921"
"17531050"	"921"
"17531070"	"921"
"17541130"	"111"
"17541150"	"112"
"17541170"	"113"
"17541230"	"580410"
"17541250"	"114"
"17541270"	"580430"
"17541330"	"581010"
"17541350"	"581091"
"17541370"	"115"
"17542000"	"116"
"17543130"	"920"
"17543150"	"920"
"17543200"	"117"
"17543300"	"560500"
"17543400"	"580900"
"17543500"	"560600"
"17543600"	"118"
"17543700"	"119"
"17543830"	"590900"
"17543850"	"120"
"17543870"	"121"
"17543900"	"581100"
"17601130"	"600110"
"17601150"	"122"
"17601170"	"123"
"17601200"	"124"
"17711033"	"611511"
"17711035"	"611512"
"17711037"	"611519"
"17711050"	"611520"
"17711090"	"125"
"17721031"	"929"
"17721032"	"929"
"17721033"	"929"
"17721053"	"930"
"17721055"	"930"
"17721061"	"930"
"17721062"	"930"
"17721071"	"930"
"17721072"	"930"
"17721090"	"930"
"177210Q1"	"929"
"177210Q2"	"930"
"177210Q3"	"930"
"18101000"	"420310"
"18211121"	"938"
"18211125"	"938"
"18211131"	"939"
"18211135"	"939"
"182111Q1"	"938"
"182111Q2"	"939"
"18211241"	"940"
"18211245"	"940"
"18211251"	"940"
"18211255"	"940"
"182112Q0"	"940"
"18212121"	"941"
"18212125"	"941"
"18212131"	"942"
"18212135"	"942"
"182121Q1"	"941"
"182121Q2"	"942"
"18212241"	"945"
"18212245"	"945"
"18212251"	"945"
"18212255"	"945"
"182122Q0"	"945"
"18213013"	"950"
"18213023"	"951"
"18221110"	"926"
"18221120"	"926"
"18221230"	"126"
"18221260"	"127"
"18221270"	"128"
"18221310"	"927"
"18221320"	"927"
"18221430"	"129"
"18221460"	"130"
"18221470"	"131"
"18221480"	"132"
"18221490"	"133"
"18222111"	"934"
"18222114"	"934"
"18222115"	"934"
"18222119"	"934"
"18222121"	"935"
"18222125"	"935"
"18222129"	"935"
"182221Q1"	"934"
"182221Q2"	"935"
"18222211"	"938"
"18222214"	"938"
"18222219"	"938"
"18222221"	"938"
"18222224"	"938"
"18222229"	"938"
"182222Q0"	"938"
"18222331"	"939"
"18222334"	"939"
"18222339"	"939"
"182223Q0"	"939"
"18222441"	"940"
"18222442"	"940"
"18222443"	"940"
"18222444"	"940"
"18222445"	"940"
"18222449"	"940"
"18222455"	"940"
"18222461"	"940"
"18222463"	"940"
"182224Q0"	"940"
"18223111"	"936"
"18223114"	"936"
"18223115"	"936"
"18223119"	"936"
"18223121"	"937"
"18223125"	"937"
"18223129"	"937"
"182231Q1"	"936"
"182231Q2"	"937"
"18223211"	"941"
"18223214"	"941"
"18223219"	"941"
"18223221"	"941"
"18223224"	"941"
"18223229"	"941"
"182232Q0"	"941"
"18223331"	"942"
"18223334"	"942"
"18223339"	"942"
"182233Q0"	"942"
"18223471"	"943"
"18223474"	"943"
"18223475"	"943"
"18223478"	"943"
"18223479"	"943"
"18223481"	"944"
"18223484"	"944"
"18223485"	"944"
"18223489"	"944"
"182234Q1"	"943"
"182234Q2"	"944"
"18223541"	"945"
"18223542"	"945"
"18223543"	"945"
"18223544"	"945"
"18223546"	"945"
"18223547"	"945"
"18223551"	"945"
"18223559"	"945"
"18223561"	"945"
"18223564"	"945"
"18223565"	"945"
"18223569"	"945"
"182235Q0"	"945"
"18231110"	"134"
"18231220"	"135"
"18231230"	"136"
"18231240"	"137"
"18231310"	"138"
"18231420"	"139"
"18231430"	"140"
"18231440"	"141"
"18231450"	"142"
"18232111"	"946"
"18232115"	"946"
"18232119"	"946"
"182321Q0"	"946"
"18232221"	"948"
"18232229"	"948"
"18232231"	"948"
"18232239"	"948"
"18232241"	"948"
"18232249"	"948"
"182322Q0"	"948"
"18232311"	"947"
"18232315"	"947"
"18232318"	"947"
"18232319"	"947"
"182323Q0"	"947"
"18232431"	"949"
"18232433"	"949"
"18232451"	"949"
"18232452"	"949"
"18232461"	"949"
"18232471"	"949"
"18232480"	"949"
"18232489"	"949"
"182324Q0"	"949"
"18232530"	"621210"
"18232550"	"143"
"18232570"	"621290"
"18233030"	"928"
"18233090"	"928"
"182330Q0"	"928"
"18241100"	"144"
"18241210"	"145"
"18241230"	"611220"
"18241240"	"931"
"18241250"	"931"
"18241290"	"146"
"182412Q0"	"931"
"18241373"	"932"
"18241375"	"932"
"182413Q0"	"932"
"18241430"	"933"
"18241450"	"933"
"18241490"	"933"
"182414Q0"	"933"
"18242100"	"147"
"18242211"	"950"
"18242214"	"621131"
"18242215"	"950"
"18242219"	"621139"
"18242221"	"951"
"18242224"	"621141"
"18242225"	"951"
"18242229"	"621149"
"18242230"	"621120"
"18242240"	"621111"
"18242250"	"621112"
"18242311"	"621320"
"18242319"	"148"
"18242334"	"621420"
"18242338"	"621410"
"18242339"	"149"
"18242355"	"621520"
"18242358"	"621510"
"18242359"	"621590"
"18242370"	"621600"
"18242393"	"621710"
"18242395"	"621790"
"18243173"	"561"
"18243175"	"561"
"18243180"	"420330"
"18243190"	"420340"
"18243210"	"611300"
"18243233"	"586"
"18243235"	"586"
"18243253"	"621020"
"18243255"	"621030"
"18243273"	"621040"
"18243275"	"621050"
"18244130"	"650100"
"18244150"	"650200"
"18244230"	"650300"
"18244250"	"650400"
"18244270"	"150"
"18244333"	"650692"
"18244335"	"650699"
"18244350"	"650700"
"18301130"	"903"
"18301150"	"903"
"18301230"	"430310"
"18301290"	"430390"
"18301300"	"430400"
"19101100"	"411410"
"19101200"	"411420"
"19102100"	"902"
"19102200"	"902"
"19102300"	"902"
"19103130"	"151"
"19103150"	"411200"
"19103230"	"152"
"19103250"	"411310"
"19103330"	"153"
"19103350"	"411320"
"19104130"	"154"
"19104150"	"411330"
"19104200"	"411510"
"19201100"	"420100"
"19201210"	"155"
"19201220"	"156"
"19201230"	"157"
"19201250"	"158"
"19201270"	"960500"
"19201300"	"911390"
"19201430"	"420400"
"19201450"	"420500"
"19301120"	"959"
"19301130"	"959"
"19301210"	"960"
"19301231"	"960"
"19301237"	"960"
"19301351"	"961"
"19301352"	"961"
"19301353"	"961"
"19301361"	"961"
"19301362"	"961"
"19301363"	"961"
"19301370"	"961"
"19301380"	"640510"
"19301444"	"962"
"19301445"	"962"
"19301448"	"962"
"19301449"	"962"
"19302110"	"640212"
"19302150"	"640312"
"19302240"	"640411"
"19302310"	"640219"
"19302350"	"640319"
"19303125"	"587"
"19303135"	"587"
"19303150"	"640340"
"193031Z1"	"640230"
"19303255"	"640320"
"19303257"	"640330"
"19303290"	"640590"
"19304065"	"588"
"19304069"	"588"
"19304070"	"640620"
"19304091"	"640691"
"19304099"	"640699"
"20101010"	"440610"
"20101032"	"563"
"20101034"	"563"
"20101035"	"563"
"20101037"	"563"
"20101039"	"563"
"20101050"	"904"
"20101071"	"159"
"20101077"	"904"
"20102110"	"440910"
"20102153"	"564"
"20102155"	"564"
"20102200"	"440500"
"20102303"	"440121"
"20102305"	"440122"
"20103116"	"440310"
"20103200"	"440690"
"20104005"	"562"
"20104009"	"562"
"20201103"	"906"
"20201105"	"906"
"20201109"	"441219"
"20201233"	"907"
"20201235"	"907"
"20201239"	"907"
"20201253"	"908"
"20201255"	"908"
"20201259"	"908"
"20201333"	"441031"
"20201335"	"441033"
"20201337"	"441032"
"20201339"	"160"
"20201350"	"441090"
"20201413"	"441111"
"20201415"	"441119"
"20201433"	"441121"
"20201435"	"441129"
"20201453"	"441131"
"20201455"	"441139"
"20201473"	"441191"
"20201475"	"441199"
"20202113"	"905"
"20202118"	"905"
"20202200"	"441300"
"20301110"	"441810"
"20301150"	"441820"
"20301215"	"567"
"20301219"	"567"
"20301230"	"441840"
"20301250"	"441850"
"20301300"	"441890"
"20302000"	"863"
"20401133"	"566"
"20401135"	"566"
"20401213"	"565"
"20401215"	"565"
"20401250"	"441600"
"20511100"	"441700"
"20511200"	"441900"
"20511300"	"161"
"20511410"	"441400"
"20511450"	"162"
"20521130"	"450190"
"20521150"	"450200"
"20521250"	"450310"
"20521290"	"450390"
"20521330"	"568"
"20521350"	"568"
"20521370"	"568"
"20521400"	"450490"
"20521510"	"909"
"20521530"	"460120"
"20521555"	"909"
"20521559"	"909"
"20521570"	"460210"
"20521590"	"460290"
"21111100"	"470200"
"21111213"	"470311"
"21111215"	"470321"
"21111253"	"470319"
"21111255"	"470329"
"21111313"	"470411"
"21111315"	"470421"
"21111353"	"470419"
"21111355"	"470429"
"21111415"	"569"
"21111419"	"569"
"21111430"	"470500"
"21111450"	"163"
"21121100"	"910"
"21121200"	"480210"
"21121310"	"480220"
"21121330"	"480230"
"21121355"	"570"
"21121359"	"570"
"21121410"	"480254"
"21121435"	"480255"
"21121439"	"164"
"21121450"	"480258"
"21121475"	"910"
"21121479"	"910"
"21122130"	"571"
"21122155"	"571"
"21122157"	"571"
"21122190"	"571"
"21122250"	"480411"
"21122290"	"480419"
"21122315"	"480421"
"21122319"	"480429"
"21122333"	"165"
"21122335"	"166"
"21122337"	"167"
"21122350"	"480820"
"21122400"	"168"
"21122520"	"480524"
"21122540"	"480525"
"21123010"	"480530"
"21123020"	"481390"
"21123030"	"480540"
"21123040"	"480550"
"21123061"	"480591"
"21123065"	"480592"
"21123069"	"480593"
"21124010"	"480610"
"21124030"	"480620"
"21124050"	"480630"
"21124070"	"480640"
"21125130"	"572"
"21125150"	"572"
"21125230"	"480830"
"21125250"	"480890"
"21125335"	"911"
"21125337"	"911"
"21125360"	"481022"
"21125375"	"573"
"21125379"	"573"
"21125430"	"169"
"21125453"	"574"
"21125455"	"574"
"21125459"	"574"
"21125470"	"481099"
"21125530"	"480910"
"21125550"	"480920"
"21125590"	"480990"
"21125610"	"481110"
"21125633"	"481141"
"21125635"	"481149"
"21125655"	"481151"
"21125659"	"481159"
"21125670"	"481160"
"21125730"	"575"
"21125750"	"575"
"21211100"	"480810"
"21211230"	"481930"
"21211250"	"481940"
"21211300"	"481910"
"21211400"	"481920"
"21211530"	"481950"
"21211550"	"481960"
"21221110"	"481810"
"21221133"	"576"
"21221135"	"576"
"21221150"	"481830"
"21221210"	"577"
"21221230"	"577"
"21221250"	"481850"
"21221290"	"481890"
"21221300"	"482360"
"21231113"	"481610"
"21231115"	"481620"
"21231117"	"481630"
"21231119"	"481690"
"21231130"	"482312"
"21231150"	"482319"
"21231230"	"481710"
"21231250"	"481720"
"21231270"	"481730"
"21231300"	"582"
"21241110"	"481410"
"21241130"	"481420"
"21241150"	"481430"
"21241190"	"481490"
"21241200"	"590500"
"21251100"	"481500"
"21251235"	"580"
"21251239"	"580"
"21251255"	"581"
"21251259"	"581"
"21251300"	"481200"
"21251413"	"481310"
"21251415"	"481320"
"21251420"	"482210"
"21251430"	"482290"
"21251451"	"482320"
"21251453"	"582"
"21251455"	"482340"
"21251457"	"482370"
"21251471"	"582"
"21251473"	"582"
"21251490"	"582"
"22111000"	"490110"
"22112180"	"490300"
"221121Z1"	"490199"
"22113100"	"490191"
"22114100"	"490591"
"22115100"	"170"
"22121100"	"490210"
"22131100"	"490290"
"22141130"	"852410"
"22141150"	"852432"
"22141230"	"852451"
"22141250"	"852452"
"22142100"	"490400"
"22151130"	"583"
"22151150"	"583"
"22151300"	"491191"
"22151530"	"171"
"22151550"	"491000"
"22221100"	"490700"
"22221230"	"584"
"22221250"	"584"
"22221300"	"491199"
"22222013"	"578"
"22222015"	"578"
"22222017"	"578"
"22222019"	"578"
"22222030"	"482020"
"22222050"	"482030"
"22222075"	"579"
"22222079"	"579"
"22222080"	"482050"
"22222090"	"482090"
"22242000"	"844250"
"23101030"	"492"
"23101050"	"492"
"23101070"	"492"
"23102000"	"270600"
"232000E1"	"898"
"23201140"	"898"
"23201150"	"898"
"23201170"	"898"
"23201200"	"898"
"23201330"	"898"
"23201350"	"898"
"23201370"	"898"
"23201400"	"898"
"23201530"	"898"
"23201550"	"898"
"23201570"	"898"
"23201590"	"898"
"232015Z1"	"898"
"23201630"	"898"
"23201650"	"898"
"23201730"	"898"
"23201750"	"898"
"23201770"	"898"
"23201790"	"898"
"23201830"	"898"
"23201850"	"898"
"23202120"	"898"
"23202130"	"898"
"23202170"	"898"
"23202200"	"172"
"23203100"	"173"
"23203240"	"174"
"23203250"	"271320"
"23203270"	"271390"
"24111120"	"280421"
"24111130"	"280429"
"24111150"	"280410"
"24111160"	"280430"
"24111170"	"280440"
"24111230"	"281121"
"24111250"	"497"
"24111270"	"497"
"24111290"	"497"
"24111300"	"499"
"24121130"	"281700"
"24121150"	"282300"
"24121215"	"281910"
"24121219"	"281990"
"24121235"	"282010"
"24121239"	"282090"
"24121253"	"282410"
"24121255"	"282420"
"24121257"	"282490"
"24121270"	"282550"
"24121313"	"282110"
"24121315"	"282120"
"24121330"	"282200"
"24121353"	"282520"
"24121355"	"282530"
"24121363"	"282540"
"24121365"	"282560"
"24121373"	"282570"
"24121375"	"282580"
"24121390"	"282590"
"24122110"	"320411"
"24122120"	"320412"
"24122130"	"320413"
"24122140"	"320414"
"24122150"	"175"
"24122160"	"320420"
"24122170"	"320500"
"24122250"	"176"
"24122270"	"320300"
"24122330"	"320210"
"24122350"	"320290"
"24122415"	"320611"
"24122419"	"320619"
"24122430"	"320620"
"24122450"	"320630"
"24122470"	"177"
"24131111"	"280110"
"24131113"	"280120"
"24131115"	"494"
"24131117"	"494"
"24131120"	"280200"
"24131130"	"280300"
"24131140"	"280450"
"24131153"	"280461"
"24131155"	"280469"
"24131160"	"280470"
"24131170"	"280480"
"24131190"	"280490"
"24131235"	"899"
"24131237"	"899"
"24131250"	"281310"
"24131270"	"281390"
"24131325"	"280511"
"24131329"	"495"
"24131330"	"280512"
"24131350"	"495"
"24131370"	"280530"
"24131380"	"280540"
"24131413"	"280610"
"24131415"	"280620"
"24131433"	"496"
"24131435"	"496"
"24131453"	"280910"
"24131455"	"280920"
"24131460"	"178"
"24131473"	"281111"
"24131475"	"281122"
"24131477"	"281123"
"24131525"	"281511"
"24131527"	"281512"
"24131535"	"498"
"24131537"	"498"
"24131550"	"281530"
"24131560"	"179"
"24131570"	"281830"
"24131580"	"282510"
"24132110"	"180"
"24132130"	"181"
"24132150"	"182"
"24132170"	"183"
"24132235"	"282810"
"24132239"	"282890"
"24132255"	"282911"
"24132259"	"184"
"24133113"	"185"
"24133115"	"186"
"24133133"	"187"
"24133135"	"283230"
"24133153"	"283322"
"24133155"	"283327"
"24133157"	"188"
"24133173"	"283330"
"24133175"	"283340"
"24133210"	"283429"
"24133220"	"283510"
"24133230"	"283522"
"24133240"	"283525"
"24133250"	"900"
"24133260"	"900"
"24133270"	"283531"
"24133310"	"283620"
"24133320"	"283630"
"24133330"	"283640"
"24133340"	"283650"
"24133350"	"283660"
"24133360"	"283670"
"24133371"	"283691"
"24133373"	"283692"
"24133379"	"283699"
"24134110"	"284110"
"24134120"	"284120"
"24134130"	"189"
"24134140"	"190"
"24134150"	"284170"
"24134160"	"284180"
"24134170"	"284190"
"24134183"	"284321"
"24134185"	"191"
"24134250"	"499"
"24134290"	"499"
"24135100"	"192"
"24135220"	"193"
"24135230"	"283800"
"24135240"	"194"
"24135250"	"195"
"24135260"	"284030"
"24135270"	"284210"
"24135290"	"284290"
"24135300"	"284700"
"24135430"	"284800"
"24135450"	"196"
"24135470"	"285000"
"24135500"	"197"
"24135600"	"487"
"24135700"	"260120"
"24135850"	"710410"
"24135870"	"710420"
"24141120"	"290110"
"24141130"	"290121"
"24141140"	"290122"
"24141150"	"290123"
"24141165"	"500"
"24141167"	"500"
"24141190"	"290129"
"24141213"	"290211"
"24141215"	"290219"
"24141223"	"290220"
"24141225"	"290230"
"24141243"	"290241"
"24141245"	"290243"
"24141247"	"198"
"24141250"	"290250"
"24141260"	"290260"
"24141270"	"290270"
"24141280"	"501"
"24141290"	"501"
"24141313"	"290311"
"24141315"	"290312"
"24141323"	"290313"
"24141325"	"290314"
"24141353"	"290315"
"24141357"	"290319"
"24141371"	"290321"
"24141373"	"290322"
"24141375"	"290323"
"24141379"	"290329"
"24141450"	"290410"
"24141470"	"290420"
"24141490"	"290490"
"24141510"	"290330"
"24141530"	"199"
"24141553"	"290351"
"24141559"	"290359"
"24141573"	"290361"
"24141575"	"290362"
"24141579"	"290369"
"24142100"	"382370"
"24142210"	"290511"
"24142220"	"290512"
"24142230"	"290513"
"24142240"	"290514"
"24142250"	"290515"
"24142263"	"290516"
"24142269"	"200"
"24142273"	"290522"
"24142275"	"290529"
"24142310"	"290531"
"24142320"	"290532"
"24142333"	"290544"
"24142339"	"201"
"24142350"	"202"
"24142373"	"203"
"24142375"	"204"
"24142415"	"290711"
"24142417"	"290712"
"24142419"	"205"
"24142433"	"290723"
"24142439"	"206"
"24142453"	"290810"
"24142455"	"290820"
"24142459"	"290890"
"24143120"	"382311"
"24143130"	"382312"
"24143150"	"382313"
"24143195"	"529"
"24143197"	"529"
"24143215"	"291531"
"24143217"	"291532"
"24143219"	"207"
"24143220"	"208"
"24143235"	"502"
"24143237"	"502"
"24143243"	"502"
"24143245"	"502"
"24143247"	"502"
"24143253"	"291511"
"24143255"	"209"
"24143271"	"291521"
"24143273"	"291522"
"24143275"	"291523"
"24143277"	"291524"
"24143279"	"291529"
"24143280"	"291590"
"24143310"	"210"
"24143320"	"291612"
"24143330"	"291613"
"24143340"	"291614"
"24143350"	"291615"
"24143363"	"291631"
"24143365"	"291632"
"24143367"	"211"
"24143370"	"291639"
"24143383"	"212"
"24143385"	"291712"
"24143387"	"291714"
"24143413"	"291731"
"24143415"	"291732"
"24143423"	"291733"
"24143425"	"291734"
"24143433"	"291735"
"24143435"	"291736"
"24143443"	"291737"
"24143445"	"291739"
"24143473"	"213"
"24143475"	"214"
"24144113"	"292111"
"24144115"	"292112"
"24144117"	"292119"
"24144123"	"292121"
"24144125"	"292122"
"24144127"	"292129"
"24144130"	"292130"
"24144151"	"292141"
"24144153"	"292142"
"24144155"	"292143"
"24144157"	"215"
"24144170"	"216"
"24144233"	"292211"
"24144235"	"292212"
"24144237"	"292213"
"24144239"	"217"
"24144290"	"218"
"24144310"	"292421"
"24144320"	"292511"
"24144330"	"219"
"24144340"	"292520"
"24144350"	"292610"
"24144360"	"292620"
"24144370"	"220"
"24144420"	"292700"
"24144430"	"292800"
"24144450"	"292910"
"24144490"	"292990"
"24145135"	"221"
"24145137"	"293040"
"24145139"	"293090"
"24145150"	"293100"
"24145210"	"222"
"24145230"	"293329"
"24145250"	"223"
"24145260"	"293361"
"24145270"	"293371"
"24145290"	"224"
"24145350"	"291900"
"24145375"	"292010"
"24145379"	"292090"
"24146111"	"291211"
"24146113"	"291212"
"24146115"	"291213"
"24146119"	"291219"
"24146120"	"225"
"24146130"	"291230"
"24146143"	"291241"
"24146145"	"291242"
"24146147"	"291249"
"24146150"	"291250"
"24146160"	"291260"
"24146170"	"291300"
"24146211"	"291411"
"24146213"	"291412"
"24146215"	"291413"
"24146219"	"291419"
"24146231"	"226"
"24146233"	"291422"
"24146235"	"291423"
"24146239"	"291429"
"24146260"	"227"
"24146270"	"291470"
"24146313"	"290911"
"24146319"	"290919"
"24146323"	"290920"
"24146325"	"290930"
"24146333"	"290941"
"24146339"	"228"
"24146350"	"290950"
"24146360"	"290960"
"24146373"	"291010"
"24146375"	"291020"
"24146379"	"229"
"24146380"	"291100"
"24146430"	"294200"
"24146450"	"350710"
"24146470"	"350790"
"24147120"	"380290"
"24147130"	"380300"
"24147140"	"230"
"24147150"	"231"
"24147170"	"380700"
"24147200"	"440200"
"24147320"	"270710"
"24147330"	"232"
"24147340"	"233"
"24147350"	"270760"
"24147365"	"270791"
"24147367"	"270799"
"24147370"	"234"
"24151050"	"280800"
"24151075"	"281410"
"24151077"	"281420"
"24152020"	"282710"
"24152030"	"283410"
"24152050"	"283421"
"24152070"	"283610"
"24153013"	"503"
"24153019"	"503"
"24153023"	"310221"
"24153029"	"310229"
"24153030"	"310230"
"24153043"	"504"
"24153045"	"504"
"24153060"	"310260"
"24153070"	"310270"
"24153080"	"310280"
"24153090"	"310290"
"24154035"	"310310"
"24154037"	"310320"
"24154039"	"310390"
"24155030"	"310420"
"24155050"	"310430"
"24155070"	"310490"
"24156000"	"310100"
"24157050"	"505"
"24157070"	"505"
"24158010"	"310510"
"24158023"	"506"
"24158025"	"506"
"24158030"	"310530"
"24158040"	"310540"
"24158053"	"310551"
"24158059"	"310559"
"24158063"	"507"
"24158069"	"507"
"24158090"	"310590"
"24161035"	"532"
"24161039"	"532"
"24161050"	"390120"
"24161070"	"390130"
"24161090"	"390190"
"24162035"	"390311"
"24162039"	"390319"
"24162050"	"390320"
"24162070"	"390330"
"24162090"	"390390"
"24163010"	"390410"
"24163023"	"390421"
"24163025"	"390422"
"24163040"	"235"
"24163050"	"390450"
"24163060"	"390461"
"24163070"	"390469"
"24163090"	"390490"
"24164013"	"390710"
"24164015"	"533"
"24164020"	"533"
"24164030"	"390730"
"24164040"	"390740"
"24164050"	"390750"
"24164062"	"534"
"24164064"	"534"
"24164070"	"535"
"24164080"	"535"
"24164090"	"390799"
"24165130"	"390210"
"24165150"	"236"
"24165230"	"237"
"24165250"	"238"
"24165270"	"239"
"24165350"	"390610"
"24165390"	"390690"
"24165450"	"390810"
"24165490"	"390890"
"24165550"	"390910"
"24165570"	"390920"
"24165630"	"390930"
"24165650"	"390940"
"24165670"	"390950"
"24165700"	"391000"
"24165810"	"391110"
"24165820"	"391190"
"24165830"	"240"
"24165840"	"391220"
"24165850"	"241"
"24165860"	"242"
"24165870"	"391400"
"24171050"	"243"
"24171090"	"244"
"24201130"	"522"
"24201140"	"522"
"24201150"	"522"
"24201160"	"522"
"242011Z2"	"522"
"24201220"	"524"
"24201230"	"524"
"24201240"	"524"
"24201250"	"524"
"24201260"	"524"
"24201270"	"524"
"24201290"	"524"
"24201350"	"524"
"24201370"	"524"
"24201430"	"525"
"24201450"	"525"
"24201490"	"525"
"24201552"	"523"
"24201553"	"523"
"24201555"	"523"
"24201556"	"523"
"24201557"	"523"
"24201559"	"523"
"242015Z2"	"380890"
"24301150"	"320910"
"24301170"	"320990"
"24301225"	"508"
"24301229"	"508"
"24301230"	"509"
"24301250"	"509"
"24301270"	"510"
"24301290"	"510"
"24302130"	"320710"
"24302150"	"320720"
"24302170"	"245"
"24302213"	"511"
"24302215"	"511"
"24302220"	"321100"
"24302230"	"321210"
"24302243"	"512"
"24302245"	"512"
"24302253"	"513"
"24302255"	"513"
"24302260"	"321490"
"24302273"	"527"
"24302279"	"527"
"24302350"	"321310"
"24302370"	"321390"
"24302450"	"321511"
"24302470"	"321519"
"24411030"	"291821"
"24411050"	"291822"
"24411070"	"291823"
"24412010"	"292241"
"24412020"	"292242"
"24412030"	"292310"
"24412040"	"292320"
"24412050"	"292390"
"24412060"	"246"
"24412070"	"247"
"24413110"	"293229"
"24413120"	"293311"
"24413130"	"293319"
"24413140"	"293321"
"24413155"	"248"
"24413159"	"249"
"24413170"	"293369"
"24413180"	"293430"
"24413200"	"293500"
"24414000"	"294000"
"24415110"	"293610"
"24415123"	"293621"
"24415125"	"293622"
"24415133"	"293623"
"24415135"	"293624"
"24415143"	"293625"
"24415145"	"293626"
"24415153"	"293627"
"24415155"	"293628"
"24415159"	"293629"
"24415190"	"293690"
"24415250"	"293712"
"24415261"	"250"
"24415263"	"293721"
"24415265"	"293722"
"24415270"	"293723"
"24415281"	"293729"
"24415283"	"251"
"24415313"	"293810"
"24415315"	"293890"
"24415323"	"252"
"24415325"	"293921"
"24415329"	"293929"
"24415330"	"293930"
"24415340"	"253"
"24415350"	"254"
"24415360"	"255"
"24415380"	"256"
"24415430"	"294110"
"24415440"	"294120"
"24415450"	"294130"
"24415460"	"294140"
"24415470"	"294150"
"24415490"	"294190"
"24416010"	"300110"
"24416020"	"300120"
"24416030"	"300190"
"24416050"	"300290"
"24421130"	"300310"
"24421150"	"300320"
"24421160"	"300410"
"24421180"	"300420"
"24421230"	"300331"
"24421250"	"300339"
"24421260"	"300431"
"24421265"	"257"
"24421310"	"300340"
"24421320"	"300390"
"24421340"	"300440"
"24421360"	"300450"
"24421380"	"300490"
"24422120"	"300210"
"24422140"	"300220"
"24422160"	"300230"
"24422200"	"300660"
"24422320"	"300620"
"24422340"	"300630"
"24422360"	"300640"
"24422370"	"300670"
"24422410"	"300510"
"24422430"	"300590"
"24422450"	"300610"
"24422470"	"300650"
"24511050"	"152000"
"24511070"	"290545"
"24512020"	"340211"
"24512030"	"340212"
"24512050"	"340213"
"24512090"	"340219"
"24513120"	"340111"
"24513150"	"340119"
"24513173"	"515"
"24513179"	"515"
"24513183"	"340130"
"24513240"	"516"
"24513250"	"516"
"24513260"	"517"
"24513270"	"517"
"24514100"	"258"
"24514250"	"340410"
"24514270"	"340420"
"24514290"	"340490"
"24514330"	"340510"
"24514350"	"340520"
"24514370"	"340530"
"24514383"	"518"
"24514389"	"518"
"24514400"	"340540"
"24521150"	"514"
"24521170"	"514"
"24521250"	"330410"
"24521270"	"330420"
"24521300"	"330430"
"24521400"	"330491"
"24521500"	"330499"
"24521630"	"330510"
"24521650"	"330520"
"24521670"	"330530"
"24521700"	"330590"
"24521850"	"330610"
"24521890"	"259"
"24521930"	"330710"
"24521950"	"330720"
"24521970"	"330730"
"24521990"	"330790"
"24611130"	"360100"
"24611150"	"360200"
"24611250"	"521"
"24611270"	"521"
"24611300"	"360410"
"24611400"	"360490"
"24621013"	"519"
"24621015"	"519"
"24621020"	"260"
"24621030"	"520"
"24621050"	"520"
"24621060"	"350520"
"24621095"	"261"
"24631020"	"262"
"24631030"	"330130"
"24631050"	"330190"
"24631075"	"330210"
"24631079"	"330290"
"24641130"	"263"
"24641150"	"264"
"24641170"	"265"
"24641200"	"266"
"24651000"	"267"
"24661000"	"151800"
"24662000"	"321590"
"24663155"	"340311"
"24663157"	"340319"
"24663175"	"340391"
"24663179"	"340399"
"24663255"	"381111"
"24663259"	"381119"
"24663270"	"268"
"24663290"	"381190"
"24663330"	"381900"
"24663350"	"382000"
"24664100"	"350400"
"24664210"	"382200"
"24664230"	"340700"
"24664250"	"381300"
"24664270"	"382100"
"24664350"	"528"
"24664370"	"528"
"24664400"	"380210"
"24664552"	"526"
"24664553"	"526"
"24664555"	"526"
"24664557"	"526"
"24664570"	"380991"
"24664580"	"380992"
"24664590"	"380993"
"24664620"	"269"
"24664630"	"381210"
"24664640"	"381220"
"24664650"	"381230"
"24664660"	"270"
"24664670"	"381700"
"24664720"	"382410"
"24664730"	"382420"
"24664740"	"382430"
"24664750"	"382440"
"24664770"	"382460"
"24664813"	"531"
"24664815"	"531"
"24664817"	"531"
"24664823"	"531"
"24664825"	"531"
"24664827"	"531"
"24664830"	"531"
"24664840"	"531"
"24664853"	"531"
"24664857"	"531"
"24664863"	"531"
"24664865"	"531"
"24664867"	"531"
"24664873"	"382471"
"24664879"	"382479"
"24664893"	"531"
"24664899"	"531"
"246648Z1"	"531"
"24701195"	"918"
"24701197"	"918"
"24701240"	"915"
"247012Q0"	"915"
"24701313"	"915"
"24701315"	"915"
"24701323"	"915"
"24701325"	"915"
"24701330"	"916"
"24701350"	"916"
"24701370"	"916"
"24701390"	"916"
"247013Q0"	"916"
"24701400"	"271"
"24702100"	"272"
"24702200"	"917"
"247022Q0"	"917"
"24702330"	"917"
"24702390"	"917"
"24702400"	"540500"
"24703050"	"550510"
"24703070"	"550520"
"25111100"	"401110"
"25111235"	"555"
"25111237"	"555"
"25111260"	"401150"
"25111355"	"554"
"25111357"	"554"
"25111370"	"401130"
"25111404"	"273"
"25111406"	"274"
"25111408"	"401169"
"25111410"	"401199"
"25111530"	"556"
"25111550"	"556"
"25111573"	"401310"
"25111575"	"401320"
"25111577"	"557"
"25111579"	"557"
"25111600"	"400610"
"25121030"	"401211"
"25121050"	"401212"
"25121090"	"275"
"25131000"	"400300"
"25132013"	"400510"
"25132015"	"400520"
"25132019"	"276"
"25132030"	"400690"
"25132050"	"400700"
"25132070"	"901"
"25132083"	"400819"
"25132085"	"901"
"25132087"	"400829"
"25133030"	"400911"
"25133055"	"400921"
"25133057"	"400931"
"25133059"	"400941"
"25133070"	"277"
"25134030"	"278"
"25134050"	"279"
"25134075"	"280"
"25134079"	"401039"
"25135050"	"590610"
"25135070"	"281"
"25136030"	"401511"
"25136055"	"559"
"25136059"	"559"
"25136070"	"401590"
"25137150"	"401410"
"25137170"	"558"
"25137190"	"558"
"25137200"	"401691"
"25137310"	"401610"
"25137321"	"401692"
"25137323"	"401693"
"25137325"	"401694"
"25137327"	"401695"
"25137330"	"560"
"25137343"	"560"
"25137345"	"560"
"25137347"	"560"
"25137349"	"560"
"25137360"	"560"
"25137379"	"401700"
"25211050"	"391610"
"25211070"	"391620"
"25211090"	"391690"
"25212130"	"391710"
"25212153"	"391721"
"25212155"	"391722"
"25212157"	"391723"
"25212170"	"391729"
"25212220"	"391731"
"25212235"	"391732"
"25212237"	"391733"
"25212250"	"391739"
"25212270"	"391740"
"25213010"	"539"
"25213017"	"539"
"25213021"	"540"
"25213023"	"540"
"25213025"	"540"
"25213027"	"540"
"25213029"	"540"
"25213030"	"392030"
"25213035"	"541"
"25213036"	"541"
"25213037"	"542"
"25213038"	"542"
"25213053"	"392051"
"25213059"	"392059"
"25213061"	"392061"
"25213062"	"392062"
"25213063"	"392063"
"25213069"	"392069"
"25213073"	"543"
"25213074"	"392072"
"25213076"	"544"
"25213077"	"544"
"25213079"	"392079"
"25213081"	"392091"
"25213082"	"392092"
"25213083"	"392093"
"25213084"	"392094"
"25213086"	"545"
"25213087"	"545"
"25213090"	"545"
"252130Z0"	"543"
"25214120"	"392111"
"25214130"	"392112"
"25214150"	"392113"
"25214170"	"392114"
"25214180"	"392119"
"25214230"	"546"
"25214250"	"546"
"25214275"	"546"
"25214279"	"546"
"25214280"	"546"
"25221100"	"392321"
"25221200"	"392329"
"25221300"	"392310"
"25221450"	"547"
"25221470"	"547"
"25221521"	"548"
"25221523"	"548"
"25221525"	"549"
"25221527"	"549"
"25221528"	"550"
"25221540"	"550"
"25231155"	"536"
"25231159"	"536"
"25231190"	"391890"
"25231250"	"392210"
"25231270"	"392220"
"25231290"	"392290"
"25231300"	"392510"
"25231450"	"392520"
"25231470"	"392530"
"25231550"	"552"
"25231590"	"552"
"25241000"	"392620"
"25242130"	"537"
"25242155"	"537"
"25242159"	"537"
"25242175"	"537"
"25242179"	"537"
"25242190"	"537"
"25242230"	"538"
"25242255"	"538"
"25242259"	"538"
"25242270"	"538"
"25242290"	"538"
"25242320"	"392410"
"25242330"	"551"
"25242350"	"551"
"25242370"	"551"
"25242400"	"940592"
"25242550"	"650610"
"25242590"	"650691"
"25242600"	"854720"
"25242700"	"392610"
"25242820"	"392630"
"25242830"	"392640"
"25242840"	"553"
"25242850"	"553"
"25242870"	"553"
"26111113"	"965"
"26111115"	"965"
"26111130"	"700320"
"26111150"	"700330"
"26111175"	"966"
"26111179"	"966"
"26111212"	"597"
"26111214"	"597"
"26111217"	"597"
"26111230"	"700521"
"26111280"	"282"
"26121150"	"598"
"26121190"	"598"
"26121215"	"599"
"26121219"	"599"
"26121230"	"700719"
"26121253"	"600"
"26121255"	"600"
"26121270"	"700729"
"26121330"	"700800"
"26121350"	"700910"
"26121390"	"283"
"26131110"	"967"
"26131116"	"967"
"26131122"	"967"
"26131128"	"967"
"26131134"	"967"
"26131140"	"967"
"26131146"	"967"
"26131152"	"967"
"26131215"	"601"
"26131219"	"601"
"26131235"	"601"
"26131239"	"601"
"26131253"	"602"
"26131255"	"602"
"26131310"	"968"
"26131330"	"968"
"26131350"	"701332"
"26131360"	"701310"
"261313Z0"	"284"
"26131400"	"701200"
"26141110"	"701911"
"26141130"	"701912"
"26141150"	"603"
"26141170"	"603"
"26141210"	"701931"
"26141230"	"701932"
"26141250"	"701939"
"26141293"	"604"
"26141295"	"604"
"26141299"	"604"
"26151110"	"700100"
"26151130"	"285"
"26151150"	"286"
"26151200"	"701690"
"26152100"	"287"
"26152200"	"288"
"26152330"	"289"
"26152350"	"701010"
"26152400"	"940591"
"26152500"	"854610"
"26152630"	"701400"
"26152650"	"701610"
"26152670"	"290"
"26152690"	"702000"
"26211130"	"691110"
"26211150"	"691190"
"26211210"	"595"
"26211230"	"595"
"26211250"	"595"
"26211290"	"595"
"26211330"	"691310"
"26211350"	"691390"
"26221030"	"691010"
"26221050"	"691090"
"26231033"	"791"
"26231035"	"791"
"26231039"	"791"
"26231053"	"792"
"26231055"	"792"
"26241100"	"690911"
"26241200"	"291"
"26251100"	"690990"
"26251230"	"691410"
"26251255"	"596"
"26251259"	"596"
"26261100"	"690100"
"26261210"	"690210"
"26261233"	"591"
"26261235"	"591"
"26261237"	"591"
"26261290"	"690290"
"26261300"	"381600"
"26261410"	"681591"
"26261430"	"964"
"26261455"	"592"
"26261459"	"592"
"26261490"	"964"
"26301010"	"690710"
"26301020"	"690810"
"26301030"	"593"
"26301053"	"593"
"26301055"	"593"
"26301059"	"593"
"26301071"	"594"
"26301073"	"594"
"26301075"	"594"
"26301079"	"594"
"26401110"	"690410"
"26401130"	"690490"
"26401250"	"690510"
"26401270"	"690590"
"26401300"	"690600"
"26511100"	"252310"
"26511210"	"252321"
"26511230"	"252329"
"26511250"	"252330"
"26511290"	"252390"
"26521033"	"252210"
"26521035"	"252220"
"26521050"	"252230"
"26531000"	"252020"
"266013Z1"	"681099"
"26611130"	"681011"
"26611150"	"681019"
"26611200"	"681091"
"26621050"	"680911"
"26621090"	"680919"
"26631000"	"530"
"26641000"	"530"
"26651100"	"680800"
"26651230"	"292"
"26651250"	"681130"
"26651290"	"681190"
"26661100"	"680990"
"26701100"	"293"
"26701210"	"680100"
"26701230"	"680210"
"26701240"	"294"
"26701260"	"295"
"26701280"	"296"
"26701290"	"680300"
"26811110"	"680410"
"26811120"	"680421"
"26811130"	"589"
"26811140"	"589"
"26811150"	"589"
"26811160"	"589"
"26811170"	"680423"
"26811180"	"680430"
"26811230"	"680510"
"26811250"	"680520"
"26811290"	"680530"
"26821168"	"963"
"26821170"	"681270"
"26821180"	"963"
"26821193"	"681310"
"26821195"	"681390"
"26821253"	"590"
"26821259"	"590"
"26821290"	"680790"
"26821300"	"271500"
"26821400"	"297"
"26821500"	"281810"
"26821610"	"680610"
"26821620"	"680620"
"26821630"	"680690"
"26821650"	"298"
"26821670"	"681510"
"26821680"	"681520"
"26821690"	"681599"
"27101100"	"299"
"27101250"	"300"
"27101310"	"301"
"27101320"	"302"
"27102010"	"303"
"27102020"	"304"
"27102030"	"720230"
"27102040"	"305"
"27102050"	"720270"
"27102090"	"306"
"27103110"	"969"
"271031Z0"	"969"
"27103210"	"977"
"271032Z0"	"977"
"27103310"	"979"
"271033Z0"	"979"
"27104130"	"978"
"27104140"	"970"
"27104150"	"307"
"271041Z5"	"308"
"271041Z6"	"309"
"27104200"	"972"
"27104310"	"973"
"27104320"	"973"
"27104330"	"973"
"27105000"	"970"
"27106020"	"970"
"27106030"	"970"
"27106040"	"970"
"27106050"	"970"
"27107120"	"970"
"27107130"	"722511"
"271071Z0"	"970"
"27107210"	"970"
"27107220"	"970"
"27107230"	"971"
"27107240"	"970"
"27108110"	"972"
"27108120"	"972"
"27108130"	"972"
"27108140"	"972"
"27108190"	"972"
"27108210"	"972"
"27108290"	"972"
"27108310"	"973"
"27108320"	"973"
"27108330"	"973"
"27108340"	"973"
"27108350"	"974"
"27108360"	"973"
"27108370"	"973"
"27109110"	"975"
"27109120"	"975"
"27109130"	"975"
"27109210"	"608"
"27109220"	"609"
"27109230"	"980"
"2710T222"	"970"
"2710T231"	"972"
"2710T241"	"973"
"2710T242"	"973"
"2710T243"	"974"
"2710T244"	"975"
"2710T251"	"608"
"2710T252"	"980"
"2710T260"	"609"
"2710T330"	"970"
"2710T340"	"970"
"2710T350"	"971"
"2710T360"	"970"
"27211000"	"730300"
"27212033"	"610"
"27212035"	"610"
"27212050"	"611"
"27212070"	"611"
"27221010"	"310"
"27221021"	"982"
"27221023"	"982"
"27221041"	"981"
"27221043"	"981"
"27221045"	"981"
"27221061"	"983"
"27221065"	"983"
"27221070"	"730640"
"27221081"	"984"
"27221083"	"984"
"27221085"	"985"
"27221091"	"984"
"27221093"	"985"
"27222010"	"311"
"27222030"	"986"
"27222050"	"986"
"27222073"	"987"
"27222075"	"987"
"27311013"	"721510"
"27311015"	"605"
"27311030"	"605"
"27311050"	"973"
"27311060"	"605"
"27311070"	"605"
"27312010"	"721669"
"27312020"	"970"
"27312030"	"973"
"27312053"	"607"
"27312055"	"607"
"27312057"	"607"
"27312070"	"973"
"27313030"	"973"
"27313050"	"974"
"27321024"	"970"
"27321026"	"722611"
"273210Z5"	"970"
"273210Z6"	"978"
"273210Z7"	"970"
"273210Z8"	"970"
"27322012"	"970"
"27331130"	"721661"
"27331150"	"606"
"27331170"	"606"
"27331200"	"973"
"27341130"	"976"
"27341150"	"976"
"27341170"	"976"
"27341230"	"722300"
"27341250"	"312"
"27411030"	"313"
"27411050"	"710692"
"27412030"	"314"
"27412050"	"710813"
"27412070"	"710820"
"27413030"	"315"
"27413050"	"316"
"27414000"	"710900"
"27415030"	"710700"
"27415050"	"711100"
"27421130"	"760110"
"27421153"	"631"
"27421155"	"631"
"27421200"	"281820"
"27422100"	"317"
"27422230"	"760410"
"27422250"	"318"
"27422330"	"319"
"27422350"	"320"
"27422430"	"321"
"27422450"	"322"
"27422500"	"323"
"27422630"	"760810"
"27422650"	"760820"
"27422670"	"760900"
"27431130"	"780110"
"27431150"	"780191"
"27431190"	"780199"
"27431230"	"324"
"27431250"	"790120"
"27431330"	"800110"
"27431350"	"800120"
"27432100"	"780300"
"27432200"	"325"
"27432300"	"780500"
"27432400"	"326"
"27432530"	"790400"
"27432550"	"790500"
"27432600"	"790600"
"27432700"	"800300"
"27432830"	"800400"
"27432860"	"800500"
"27432900"	"800600"
"27441100"	"327"
"27441200"	"740200"
"27441330"	"328"
"27441350"	"329"
"27441370"	"740500"
"27442100"	"330"
"27442200"	"331"
"27442330"	"332"
"27442350"	"630"
"27442370"	"630"
"27442400"	"333"
"27442500"	"334"
"27442630"	"335"
"27442650"	"336"
"27451100"	"337"
"27451230"	"750210"
"27451250"	"750220"
"27452100"	"750400"
"27452200"	"338"
"27452300"	"339"
"27452430"	"340"
"27452450"	"750720"
"27453013"	"341"
"27453015"	"342"
"27453017"	"343"
"27453023"	"344"
"27453025"	"345"
"27453027"	"346"
"27453033"	"810600"
"27453035"	"347"
"27453037"	"810790"
"27453043"	"348"
"27453045"	"349"
"27453047"	"350"
"27453053"	"811100"
"27453055"	"351"
"27453057"	"811300"
"28111030"	"863"
"28112100"	"730810"
"28112200"	"730820"
"28112310"	"730840"
"28112330"	"612"
"28112340"	"612"
"28112350"	"612"
"28112360"	"612"
"28112370"	"761090"
"28121030"	"730830"
"28121050"	"761010"
"28211110"	"613"
"28211120"	"613"
"28211130"	"613"
"28211150"	"613"
"28211170"	"761100"
"28211230"	"731100"
"28211250"	"761300"
"28221130"	"732211"
"28221150"	"732219"
"28221200"	"840310"
"28221300"	"840390"
"28301110"	"840211"
"28301130"	"840212"
"28301150"	"840219"
"28301170"	"840220"
"28301230"	"840410"
"28301250"	"840420"
"28301330"	"840290"
"28301350"	"840490"
"28302100"	"840110"
"28302200"	"840140"
"28611113"	"648"
"28611119"	"648"
"28611120"	"821192"
"28611130"	"821193"
"28611150"	"352"
"28611170"	"821300"
"28611240"	"353"
"28611250"	"821220"
"28611330"	"821410"
"28611350"	"821420"
"28611370"	"821490"
"28611440"	"354"
"28611470"	"355"
"28621010"	"820110"
"28621020"	"820120"
"28621030"	"820130"
"28621040"	"820140"
"28621050"	"820150"
"28621060"	"820160"
"28621070"	"820190"
"28622010"	"820210"
"28622020"	"820220"
"28622030"	"820231"
"28622050"	"820239"
"28622091"	"820240"
"28622093"	"820291"
"28622095"	"634"
"28622099"	"634"
"28623013"	"820310"
"28623015"	"635"
"28623017"	"635"
"28623023"	"820330"
"28623025"	"820340"
"28623033"	"820411"
"28623035"	"820412"
"28623037"	"820420"
"28623053"	"820510"
"28623055"	"820520"
"28623057"	"820530"
"28623063"	"820540"
"28623065"	"820551"
"28623073"	"636"
"28623077"	"636"
"28623083"	"820560"
"28623085"	"820570"
"28623087"	"820580"
"28623089"	"820590"
"28624014"	"640"
"28624016"	"640"
"28624019"	"640"
"28624023"	"641"
"28624025"	"641"
"28624027"	"641"
"28624031"	"641"
"28624033"	"641"
"28624035"	"641"
"28624037"	"642"
"28624044"	"642"
"28624045"	"642"
"28624048"	"642"
"28624050"	"643"
"28624061"	"643"
"28624065"	"643"
"28624067"	"643"
"28624069"	"643"
"28624071"	"644"
"28624074"	"644"
"28624079"	"644"
"28624081"	"645"
"28624083"	"645"
"28624085"	"645"
"28624087"	"645"
"28624089"	"645"
"28625013"	"820713"
"28625015"	"637"
"28625017"	"637"
"28625023"	"638"
"28625024"	"638"
"28625033"	"639"
"28625039"	"639"
"28625043"	"820810"
"28625045"	"820820"
"28625053"	"646"
"28625055"	"646"
"28625063"	"820840"
"28625065"	"820890"
"28625067"	"647"
"28625090"	"647"
"28631130"	"830110"
"28631150"	"830120"
"28631170"	"830130"
"28631230"	"649"
"28631250"	"649"
"28631270"	"649"
"28631330"	"830150"
"28631350"	"830170"
"28631370"	"830160"
"28631410"	"830210"
"28631420"	"830220"
"28631430"	"830230"
"28631440"	"830241"
"28631450"	"830242"
"28631460"	"830249"
"28631470"	"830260"
"28711100"	"731010"
"28711200"	"731029"
"28721133"	"614"
"28721135"	"614"
"28721150"	"614"
"28721210"	"761210"
"28721230"	"632"
"28721250"	"632"
"28721260"	"632"
"28721280"	"632"
"28721330"	"830910"
"28721350"	"651"
"28721370"	"651"
"28731130"	"731210"
"28731150"	"731290"
"28731230"	"731300"
"28731250"	"741300"
"28731270"	"356"
"28731313"	"357"
"28731315"	"358"
"28731320"	"731420"
"28731330"	"359"
"28731343"	"360"
"28731345"	"731442"
"28731350"	"731450"
"28731360"	"361"
"28731410"	"617"
"28731420"	"617"
"28731430"	"617"
"28731440"	"617"
"28731450"	"617"
"28731460"	"617"
"28731470"	"741510"
"28731480"	"761610"
"28731510"	"831110"
"28731530"	"831120"
"28731550"	"831130"
"28731570"	"831190"
"28731600"	"362"
"28741113"	"619"
"28741115"	"619"
"28741117"	"619"
"28741123"	"619"
"28741125"	"619"
"28741127"	"619"
"28741129"	"619"
"28741131"	"619"
"28741133"	"619"
"28741135"	"619"
"28741139"	"619"
"28741153"	"731811"
"28741155"	"731812"
"28741157"	"731813"
"28741173"	"618"
"28741175"	"618"
"28741183"	"620"
"28741185"	"620"
"28741187"	"620"
"28741190"	"731819"
"28741210"	"731821"
"28741230"	"731822"
"28741250"	"731823"
"28741270"	"363"
"28741310"	"741521"
"28741320"	"741529"
"28741340"	"741533"
"28741370"	"741539"
"28741413"	"621"
"28741415"	"621"
"28741417"	"621"
"28741431"	"622"
"28741433"	"622"
"28741435"	"622"
"28741437"	"622"
"28741453"	"623"
"28741455"	"623"
"28741460"	"623"
"28741480"	"741600"
"28742010"	"731581"
"28742023"	"616"
"28742025"	"616"
"28742030"	"731520"
"28742050"	"731589"
"28742070"	"741910"
"28742080"	"731590"
"28751110"	"732410"
"28751127"	"364"
"28751131"	"732490"
"28751135"	"741820"
"28751137"	"761520"
"28751217"	"365"
"28751223"	"627"
"28751229"	"627"
"28751237"	"732394"
"28751243"	"628"
"28751249"	"628"
"28751253"	"366"
"28751255"	"988"
"28751257"	"988"
"28751270"	"821000"
"28751280"	"732310"
"28752130"	"650"
"28752150"	"650"
"28752170"	"650"
"28752200"	"830400"
"28752330"	"830510"
"28752350"	"830520"
"28752370"	"830590"
"28752400"	"367"
"28752530"	"830810"
"28752550"	"830820"
"28752570"	"830890"
"28752600"	"848510"
"28752711"	"731600"
"28752713"	"732510"
"28752719"	"368"
"28752722"	"369"
"28752725"	"732620"
"28752727"	"629"
"28752731"	"629"
"28752733"	"629"
"28752735"	"629"
"28752737"	"629"
"28752741"	"629"
"28752743"	"629"
"28752745"	"629"
"28752749"	"629"
"28752752"	"761691"
"28752753"	"633"
"28752755"	"633"
"28752758"	"370"
"28752763"	"780600"
"28752765"	"790700"
"28752766"	"800700"
"28752769"	"371"
"28752781"	"830250"
"28752782"	"830610"
"28752783"	"830710"
"28752785"	"830790"
"28752787"	"831000"
"28753000"	"930700"
"29111100"	"840721"
"29111230"	"840729"
"29111250"	"840790"
"29111311"	"652"
"29111313"	"652"
"29111315"	"652"
"29111317"	"652"
"29111319"	"652"
"29111320"	"653"
"29111331"	"653"
"29111333"	"653"
"29111335"	"653"
"29111337"	"653"
"29111353"	"653"
"29111355"	"653"
"29111357"	"653"
"29111373"	"653"
"29111375"	"653"
"29112130"	"989"
"29112150"	"989"
"29112200"	"372"
"29112300"	"373"
"29113100"	"840690"
"29113200"	"841090"
"29113300"	"841199"
"29121133"	"654"
"29121135"	"654"
"29121150"	"841231"
"29121233"	"990"
"29121235"	"990"
"29121237"	"990"
"29121250"	"841239"
"29122110"	"841311"
"29122130"	"841319"
"29122150"	"841320"
"29122170"	"841330"
"29122190"	"841340"
"29122210"	"656"
"29122230"	"656"
"29122250"	"656"
"29122270"	"656"
"29122290"	"656"
"29122310"	"657"
"29122333"	"657"
"29122335"	"657"
"29122353"	"657"
"29122355"	"657"
"29122373"	"657"
"29122375"	"657"
"29122413"	"658"
"29122415"	"658"
"29122417"	"658"
"29122420"	"658"
"29122430"	"658"
"29122451"	"658"
"29122453"	"658"
"29122455"	"658"
"29122460"	"658"
"29122471"	"658"
"29122475"	"658"
"29122480"	"374"
"29123130"	"659"
"29123150"	"659"
"29123170"	"659"
"29123200"	"841420"
"29123333"	"660"
"29123335"	"660"
"29123337"	"660"
"29123430"	"661"
"29123450"	"661"
"29123530"	"663"
"29123550"	"663"
"29123630"	"663"
"29123650"	"663"
"29123670"	"663"
"29123690"	"663"
"29123730"	"663"
"29123753"	"663"
"29123755"	"663"
"29123800"	"663"
"29124130"	"655"
"29124150"	"655"
"29124170"	"655"
"29124200"	"375"
"29124300"	"841490"
"29131134"	"726"
"29131135"	"726"
"29131139"	"726"
"29131153"	"727"
"29131155"	"727"
"29131172"	"848130"
"29131176"	"999"
"29131233"	"999"
"29131235"	"999"
"29131253"	"999"
"29131255"	"999"
"29131313"	"999"
"29131315"	"999"
"29131333"	"999"
"29131335"	"999"
"29131337"	"999"
"29131353"	"999"
"29131355"	"999"
"29131357"	"999"
"29131373"	"999"
"29131375"	"999"
"29131377"	"999"
"29131380"	"999"
"29132000"	"848190"
"29141030"	"848210"
"29141053"	"848220"
"29141055"	"848230"
"29141057"	"848250"
"29141070"	"848240"
"29141090"	"848280"
"29142130"	"615"
"29142153"	"615"
"29142155"	"731512"
"29142230"	"728"
"29142253"	"728"
"29142255"	"728"
"29142330"	"848320"
"29142350"	"848330"
"29142432"	"729"
"29142433"	"729"
"29142434"	"729"
"29142440"	"729"
"29142450"	"729"
"29142473"	"729"
"29142475"	"729"
"29142500"	"848350"
"29142630"	"848360"
"29143130"	"848291"
"29143150"	"848299"
"29143200"	"731519"
"29143330"	"730"
"29143350"	"730"
"29211130"	"841610"
"29211150"	"841620"
"29211170"	"841630"
"29211230"	"841710"
"29211250"	"665"
"29211290"	"665"
"29211330"	"757"
"29211351"	"757"
"29211353"	"1000"
"29211355"	"1000"
"29211357"	"1000"
"29211430"	"841690"
"29211450"	"841790"
"29211470"	"851490"
"29221130"	"842511"
"29221150"	"677"
"29221170"	"677"
"29221230"	"842520"
"29221253"	"842531"
"29221255"	"678"
"29221270"	"678"
"29221330"	"842541"
"29221350"	"842542"
"29221370"	"842549"
"29221420"	"842611"
"29221433"	"842612"
"29221435"	"842619"
"29221443"	"842620"
"29221445"	"842630"
"29221450"	"376"
"29221460"	"842691"
"29221470"	"842699"
"29221513"	"679"
"29221515"	"679"
"29221533"	"680"
"29221535"	"680"
"29221550"	"842790"
"29221573"	"870911"
"29221575"	"870919"
"29221630"	"681"
"29221650"	"681"
"29221670"	"842840"
"29221710"	"682"
"29221733"	"682"
"29221735"	"682"
"29221750"	"842832"
"29221770"	"842833"
"29221793"	"683"
"29221795"	"683"
"29221810"	"842850"
"29221820"	"842860"
"29221830"	"684"
"29221850"	"684"
"29221870"	"684"
"29221930"	"377"
"29221950"	"843131"
"29221970"	"870990"
"29222000"	"843141"
"29231130"	"841950"
"29231150"	"841960"
"29231220"	"841510"
"29231240"	"841520"
"29231245"	"378"
"29231270"	"841583"
"29231333"	"666"
"29231335"	"666"
"29231340"	"666"
"29231350"	"666"
"29231373"	"841861"
"29231375"	"667"
"29231390"	"667"
"29231410"	"673"
"29231420"	"673"
"29231440"	"673"
"29231470"	"673"
"29232030"	"662"
"29232050"	"662"
"29232070"	"662"
"29233010"	"841590"
"29233030"	"841891"
"29233050"	"668"
"29233070"	"668"
"29233090"	"841990"
"29241130"	"840510"
"29241150"	"841940"
"29241230"	"842121"
"29241250"	"842122"
"29241270"	"842129"
"29241330"	"842123"
"29241350"	"842131"
"29242130"	"842220"
"29242150"	"842230"
"29242170"	"842240"
"29242233"	"675"
"29242235"	"675"
"29242253"	"842320"
"29242255"	"842330"
"29242310"	"992"
"29242330"	"992"
"29242350"	"992"
"29242370"	"992"
"29242410"	"842410"
"29242430"	"842420"
"29242450"	"842430"
"29242470"	"842489"
"29242510"	"379"
"29243130"	"672"
"29243150"	"672"
"29243230"	"671"
"29243250"	"671"
"29243330"	"380"
"29243350"	"381"
"29244030"	"670"
"29244050"	"670"
"29244070"	"670"
"29245100"	"840590"
"29245230"	"842191"
"29245250"	"842199"
"29245313"	"842091"
"29245315"	"842099"
"29245320"	"842390"
"29245330"	"842490"
"29245350"	"847690"
"29245400"	"848590"
"29246000"	"842219"
"29247010"	"674"
"29247020"	"674"
"29311000"	"870110"
"29312130"	"794"
"29312150"	"794"
"29312200"	"794"
"29312330"	"794"
"29312350"	"794"
"29312370"	"794"
"29312400"	"794"
"29321130"	"686"
"29321150"	"686"
"29321170"	"843221"
"29321210"	"687"
"29321230"	"687"
"29321250"	"687"
"29321270"	"687"
"29321333"	"688"
"29321335"	"688"
"29321350"	"688"
"29321430"	"689"
"29321450"	"689"
"29321500"	"843280"
"29322010"	"993"
"29322033"	"993"
"29322035"	"993"
"29322037"	"993"
"29322053"	"993"
"29322055"	"993"
"29322057"	"993"
"29322070"	"993"
"29323130"	"690"
"29323153"	"690"
"29323155"	"690"
"29323170"	"690"
"29323230"	"691"
"29323250"	"691"
"29323330"	"692"
"29323350"	"692"
"29323410"	"843351"
"29323420"	"843352"
"29323430"	"693"
"29323450"	"693"
"29323460"	"693"
"29323473"	"694"
"29323475"	"694"
"29323477"	"694"
"29323490"	"694"
"29324010"	"676"
"29324034"	"676"
"29324050"	"676"
"29324070"	"676"
"29325040"	"871620"
"29326100"	"843360"
"29326200"	"843410"
"29326336"	"843610"
"29326353"	"843621"
"29326355"	"843629"
"29326400"	"843710"
"29326530"	"695"
"29326540"	"695"
"29326550"	"695"
"29327020"	"843290"
"29327050"	"843390"
"29327060"	"843691"
"29327070"	"843699"
"29411103"	"846711"
"29411105"	"846719"
"29411107"	"846781"
"29411109"	"846789"
"29411113"	"718"
"29411115"	"718"
"29411117"	"718"
"29411123"	"719"
"29411125"	"719"
"29411127"	"719"
"29411133"	"720"
"29411135"	"720"
"29411151"	"720"
"29411153"	"720"
"29411155"	"720"
"29411157"	"720"
"29411180"	"720"
"29411190"	"720"
"29411240"	"382"
"29411250"	"846792"
"29421110"	"845610"
"29421130"	"845620"
"29421153"	"701"
"29421155"	"701"
"29421170"	"383"
"29421220"	"702"
"29421240"	"702"
"29421250"	"845720"
"29421270"	"845730"
"29422123"	"703"
"29422127"	"703"
"29422129"	"703"
"29422143"	"704"
"29422147"	"704"
"29422149"	"704"
"29422163"	"705"
"29422169"	"705"
"29422190"	"845899"
"29422213"	"845921"
"29422217"	"845951"
"29422223"	"706"
"29422225"	"706"
"29422233"	"845910"
"29422235"	"845929"
"29422240"	"995"
"29422260"	"995"
"29422277"	"845959"
"29422287"	"845969"
"29422300"	"845970"
"29423113"	"846011"
"29423115"	"707"
"29423117"	"707"
"29423123"	"846019"
"29423125"	"708"
"29423127"	"708"
"29423131"	"846031"
"29423133"	"846039"
"29423135"	"846040"
"29423137"	"846090"
"29423157"	"846130"
"29423173"	"709"
"29423175"	"709"
"29423183"	"846150"
"29423190"	"384"
"29423233"	"711"
"29423235"	"711"
"29423250"	"846231"
"29423270"	"846241"
"29423333"	"712"
"29423335"	"712"
"29423350"	"846239"
"29423370"	"846249"
"29423410"	"710"
"29423420"	"710"
"29423430"	"996"
"29423440"	"996"
"29423470"	"996"
"294234Z0"	"996"
"29423510"	"846310"
"29423530"	"846320"
"29423550"	"846330"
"29423570"	"846390"
"29424030"	"846693"
"29424050"	"846694"
"29431130"	"846410"
"29431150"	"846420"
"29431170"	"846490"
"29431210"	"713"
"29431220"	"713"
"29431233"	"714"
"29431235"	"714"
"29431237"	"714"
"29431250"	"846592"
"29431263"	"846593"
"29431265"	"846594"
"29431267"	"846595"
"29431270"	"846596"
"29431283"	"715"
"29431285"	"715"
"29431287"	"847930"
"29432013"	"846810"
"29432015"	"846820"
"29432017"	"846880"
"29432023"	"851511"
"29432025"	"851519"
"29432030"	"851521"
"29432043"	"758"
"29432045"	"758"
"29432050"	"851531"
"29432063"	"759"
"29432065"	"759"
"29432070"	"760"
"29432083"	"760"
"29432085"	"760"
"29433133"	"716"
"29433135"	"716"
"29433150"	"716"
"29433170"	"716"
"29433230"	"717"
"29433250"	"717"
"29433270"	"717"
"29433300"	"846630"
"29433430"	"846691"
"29433450"	"846692"
"29433530"	"846890"
"29433550"	"851590"
"29511133"	"994"
"29511135"	"845420"
"29511137"	"994"
"29511153"	"845510"
"29511155"	"845521"
"29511157"	"845522"
"29511230"	"845490"
"29511250"	"845530"
"29511270"	"845590"
"29521100"	"842831"
"29521233"	"843031"
"29521235"	"843039"
"29521253"	"843041"
"29521255"	"843049"
"29522130"	"842911"
"29522150"	"842919"
"29522200"	"842920"
"29522300"	"842930"
"29522400"	"842940"
"29522530"	"685"
"29522550"	"685"
"29522600"	"842952"
"29522730"	"842959"
"29522750"	"843050"
"29522800"	"843142"
"29523010"	"843010"
"29523030"	"843020"
"29523050"	"843061"
"29523070"	"843069"
"29523090"	"847910"
"29524030"	"385"
"29524050"	"847431"
"29524070"	"847432"
"29524080"	"847480"
"29525000"	"870130"
"29526130"	"843143"
"29526150"	"843149"
"29526200"	"847490"
"29531100"	"842111"
"29531200"	"843420"
"29531300"	"843780"
"29531400"	"843510"
"29531533"	"664"
"29531535"	"664"
"29531550"	"841931"
"29531573"	"669"
"29531575"	"669"
"29531613"	"696"
"29531615"	"696"
"29531620"	"843820"
"29531630"	"843830"
"29531640"	"843840"
"29531650"	"843850"
"29531660"	"843860"
"29531670"	"843880"
"29531680"	"847920"
"29531700"	"847810"
"29532130"	"843490"
"29532150"	"843590"
"29532230"	"843790"
"29532250"	"843890"
"29532300"	"847890"
"29541110"	"844400"
"29541130"	"844511"
"29541150"	"386"
"29541170"	"844519"
"29541230"	"844520"
"29541250"	"844530"
"29541270"	"844540"
"29541290"	"844590"
"29541330"	"387"
"29541350"	"844630"
"29541430"	"388"
"29541450"	"844720"
"29541470"	"844790"
"29541530"	"844811"
"29541550"	"844819"
"29542110"	"844900"
"29542130"	"845130"
"29542150"	"845140"
"29542170"	"845150"
"29542183"	"700"
"29542185"	"700"
"29542230"	"845020"
"29542250"	"845110"
"29542270"	"845129"
"29542330"	"845221"
"29542350"	"845229"
"29543030"	"845310"
"29543050"	"845320"
"29543070"	"845380"
"29544110"	"389"
"29544130"	"844833"
"29544150"	"390"
"29544170"	"391"
"29544210"	"845090"
"29544220"	"845190"
"29544230"	"845230"
"29544250"	"845240"
"29544270"	"845290"
"29544280"	"845390"
"29545000"	"845210"
"29551113"	"843910"
"29551115"	"843920"
"29551117"	"843930"
"29551133"	"698"
"29551135"	"698"
"29551137"	"698"
"29551143"	"698"
"29551145"	"698"
"29551150"	"844120"
"29551160"	"844130"
"29551170"	"844140"
"29551180"	"844180"
"29551230"	"843991"
"29551250"	"843999"
"29551270"	"844190"
"29561110"	"697"
"29561130"	"697"
"29561150"	"697"
"29561170"	"697"
"29561190"	"697"
"29561230"	"844210"
"29561250"	"392"
"29561330"	"844311"
"29561353"	"699"
"29561355"	"699"
"29561357"	"699"
"29561410"	"844321"
"29561430"	"844330"
"29561450"	"844340"
"29561470"	"844360"
"29561490"	"393"
"29561530"	"844090"
"29561550"	"844240"
"29561570"	"844390"
"29562100"	"842112"
"29562230"	"841932"
"29562250"	"841939"
"29562310"	"847710"
"29562330"	"847720"
"29562340"	"847730"
"29562350"	"847740"
"29562360"	"847751"
"29562373"	"724"
"29562375"	"724"
"29562382"	"725"
"29562384"	"725"
"29562391"	"725"
"29562393"	"725"
"29562395"	"725"
"29562397"	"725"
"29562413"	"998"
"29562415"	"998"
"29562420"	"848041"
"29562430"	"848049"
"29562450"	"848050"
"29562460"	"848060"
"29562470"	"848071"
"29562480"	"848079"
"29562510"	"840120"
"29562520"	"847510"
"29562530"	"394"
"29562550"	"847940"
"29562563"	"847981"
"29562565"	"847982"
"29562573"	"997"
"29562575"	"847950"
"29562577"	"997"
"29562590"	"997"
"29562630"	"847590"
"29562650"	"847790"
"29562670"	"847990"
"29601100"	"871000"
"29601200"	"395"
"29601330"	"930200"
"29601350"	"396"
"29601370"	"930390"
"29601390"	"930400"
"29601410"	"930610"
"29601430"	"397"
"29601470"	"930690"
"29601530"	"398"
"29601550"	"930591"
"29711110"	"841810"
"29711133"	"991"
"29711135"	"991"
"29711150"	"841830"
"29711170"	"841840"
"29711200"	"842211"
"29711330"	"845011"
"29711350"	"399"
"29711370"	"845121"
"29711400"	"630110"
"29711530"	"841451"
"29711550"	"841460"
"29712113"	"756"
"29712115"	"756"
"29712130"	"850920"
"29712150"	"850930"
"29712170"	"850940"
"29712180"	"850980"
"29712230"	"851010"
"29712250"	"400"
"29712313"	"763"
"29712315"	"763"
"29712330"	"851632"
"29712350"	"851633"
"29712373"	"764"
"29712375"	"764"
"29712430"	"851671"
"29712450"	"851672"
"29712470"	"766"
"29712493"	"766"
"29712495"	"766"
"29712530"	"761"
"29712550"	"761"
"29712570"	"761"
"29712630"	"851621"
"29712653"	"762"
"29712655"	"762"
"29712657"	"762"
"29712690"	"762"
"29712700"	"851650"
"29712810"	"765"
"29712833"	"765"
"29712835"	"765"
"29712850"	"765"
"29712870"	"765"
"29712890"	"765"
"29712900"	"851680"
"29713030"	"850990"
"29713050"	"851090"
"29713070"	"851690"
"29721113"	"624"
"29721115"	"624"
"29721130"	"732112"
"29721150"	"732113"
"29721170"	"741700"
"29721233"	"625"
"29721235"	"625"
"29721253"	"626"
"29721255"	"626"
"29721270"	"732183"
"29721300"	"732290"
"29721400"	"401"
"29722000"	"732190"
"30011100"	"402"
"30011200"	"403"
"30011320"	"404"
"30011330"	"847040"
"30011350"	"847050"
"30011370"	"847090"
"30011430"	"847310"
"30011450"	"405"
"30012170"	"406"
"30012183"	"900922"
"30012185"	"407"
"30012200"	"844312"
"30012330"	"847210"
"30012350"	"408"
"30012370"	"723"
"30012390"	"723"
"30012400"	"847340"
"30012500"	"409"
"30021100"	"847110"
"30021200"	"847130"
"30021300"	"847141"
"30021400"	"847149"
"30021500"	"847150"
"30021630"	"721"
"30021650"	"721"
"30021670"	"721"
"30021730"	"722"
"30021755"	"722"
"30021757"	"722"
"30021770"	"722"
"30021790"	"722"
"30021800"	"410"
"30021900"	"411"
"31101010"	"850110"
"31101030"	"850131"
"31101053"	"731"
"31101055"	"731"
"31101070"	"850133"
"31101080"	"732"
"31101093"	"732"
"31101095"	"732"
"31102100"	"850120"
"31102230"	"733"
"31102250"	"733"
"31102300"	"850151"
"31102403"	"734"
"31102405"	"734"
"31102407"	"734"
"31102530"	"735"
"31102540"	"735"
"31102560"	"735"
"31102590"	"735"
"31102610"	"850161"
"31102630"	"850162"
"31102650"	"850163"
"31102670"	"850164"
"31103113"	"736"
"31103115"	"736"
"31103130"	"850212"
"31103150"	"737"
"31103173"	"737"
"31103175"	"737"
"31103233"	"738"
"31103235"	"738"
"31103250"	"412"
"31103270"	"850240"
"31104130"	"850421"
"31104153"	"740"
"31104155"	"740"
"31104170"	"850423"
"31104233"	"741"
"31104235"	"741"
"31104253"	"742"
"31104255"	"742"
"31104330"	"850433"
"31104350"	"850434"
"31105013"	"739"
"31105015"	"739"
"31105023"	"743"
"31105033"	"743"
"31105035"	"743"
"31105040"	"743"
"31105053"	"743"
"31105055"	"743"
"31105070"	"743"
"31105080"	"850450"
"31106100"	"850300"
"31106203"	"744"
"31106205"	"744"
"31106207"	"744"
"31201010"	"853510"
"31201030"	"853521"
"31201040"	"853529"
"31201053"	"777"
"31201055"	"777"
"31201070"	"853540"
"31201090"	"853590"
"31202130"	"778"
"31202150"	"778"
"31202170"	"778"
"31202230"	"779"
"31202250"	"779"
"31202330"	"780"
"31202350"	"780"
"31202370"	"780"
"31202433"	"781"
"31202435"	"781"
"31202450"	"853649"
"31202500"	"853650"
"31202600"	"853661"
"31202710"	"782"
"31202730"	"782"
"31202750"	"782"
"31202760"	"783"
"31202770"	"783"
"31202780"	"783"
"31203130"	"784"
"31203150"	"784"
"31203170"	"784"
"31203203"	"785"
"31203205"	"785"
"31204030"	"853810"
"31204090"	"853890"
"31301130"	"1005"
"31301150"	"1005"
"31301200"	"854420"
"31301330"	"1006"
"31301350"	"1006"
"31301370"	"413"
"31301400"	"854460"
"31301500"	"854470"
"31401111"	"745"
"31401112"	"745"
"31401113"	"745"
"31401115"	"745"
"31401117"	"745"
"31401119"	"745"
"31401123"	"746"
"31401125"	"746"
"31401127"	"746"
"31401133"	"747"
"31401135"	"747"
"31401137"	"747"
"31401151"	"748"
"31401152"	"748"
"31401153"	"748"
"31401155"	"749"
"31401156"	"749"
"31401158"	"749"
"31401173"	"750"
"31401175"	"750"
"31401179"	"750"
"31401200"	"850690"
"31402110"	"751"
"31402130"	"751"
"31402150"	"751"
"31402170"	"751"
"31402210"	"752"
"31402230"	"752"
"31402250"	"752"
"31402270"	"752"
"31402310"	"753"
"31402330"	"753"
"31402350"	"753"
"31402370"	"850740"
"31402383"	"754"
"31402385"	"754"
"31402430"	"755"
"31402450"	"755"
"31402490"	"755"
"31501100"	"853910"
"31501250"	"786"
"31501293"	"786"
"31501295"	"786"
"31501300"	"853922"
"31501460"	"787"
"31501493"	"787"
"31501495"	"787"
"31501510"	"788"
"31501530"	"788"
"31501553"	"1004"
"31501556"	"1004"
"31501559"	"1004"
"31501570"	"414"
"31502100"	"851310"
"31502200"	"940520"
"31502300"	"940550"
"31502400"	"940560"
"31502530"	"940510"
"31503100"	"900662"
"31503200"	"940530"
"31503300"	"862"
"31503430"	"862"
"31504100"	"853990"
"31504230"	"851390"
"31504250"	"940599"
"31611000"	"854430"
"31612130"	"851110"
"31612150"	"851120"
"31612170"	"851130"
"31612230"	"851140"
"31612250"	"851150"
"31612270"	"851180"
"31612310"	"851210"
"31612330"	"851220"
"31612350"	"851230"
"31612370"	"851240"
"31612430"	"851190"
"31612450"	"851290"
"31621110"	"853010"
"31621130"	"853080"
"31621153"	"774"
"31621155"	"774"
"31621157"	"774"
"31621173"	"775"
"31621175"	"775"
"31621190"	"853180"
"31621210"	"850511"
"31621230"	"850519"
"31621250"	"850520"
"31621270"	"850530"
"31621290"	"850590"
"31621330"	"415"
"31621350"	"854320"
"31621370"	"854330"
"31621390"	"416"
"31621430"	"854690"
"31621450"	"854790"
"31621530"	"854511"
"31621550"	"854519"
"31621570"	"854520"
"31621590"	"854590"
"31621630"	"853090"
"31621650"	"853190"
"31621670"	"854390"
"31621690"	"854890"
"32101100"	"853210"
"32101230"	"853221"
"32101250"	"853222"
"32101273"	"853223"
"32101275"	"853224"
"32101277"	"853225"
"32101279"	"853229"
"32101300"	"853230"
"32102020"	"853310"
"32102035"	"853321"
"32102037"	"853329"
"32102055"	"853331"
"32102057"	"853339"
"32102070"	"853340"
"32103050"	"776"
"32103070"	"776"
"32103090"	"776"
"32104135"	"854011"
"32104137"	"854012"
"32104139"	"417"
"32104150"	"854020"
"32104200"	"418"
"32105125"	"854110"
"32105155"	"854121"
"32105157"	"854129"
"32105170"	"854130"
"32105235"	"789"
"32105237"	"789"
"32105250"	"854150"
"32105270"	"854160"
"32106100"	"854210"
"32106215"	"790"
"32106217"	"790"
"32106225"	"790"
"32106227"	"790"
"32106234"	"790"
"32106254"	"790"
"32106265"	"790"
"32106269"	"790"
"32106270"	"790"
"32106293"	"790"
"32106295"	"854229"
"32106297"	"854260"
"32106299"	"854270"
"32107100"	"853290"
"32107200"	"853390"
"32107320"	"854091"
"32107330"	"854099"
"32107350"	"854190"
"32107370"	"854290"
"32201150"	"852510"
"32201170"	"852520"
"32201290"	"852530"
"32202020"	"419"
"32202030"	"851722"
"32202040"	"851730"
"32202050"	"1001"
"32202060"	"1001"
"32202075"	"851721"
"32203030"	"767"
"32203060"	"767"
"32301155"	"420"
"32301159"	"852719"
"32301175"	"852731"
"32301177"	"852732"
"32301179"	"852739"
"32301270"	"852721"
"32301290"	"852729"
"32302020"	"1003"
"32302030"	"1003"
"32302045"	"772"
"32302049"	"772"
"32302050"	"1003"
"32302060"	"1003"
"32302075"	"1003"
"32302079"	"1003"
"32302083"	"852822"
"32302085"	"852813"
"32303135"	"851910"
"32303139"	"421"
"32303150"	"851940"
"32303175"	"422"
"32303179"	"851999"
"32303230"	"852010"
"32303250"	"852020"
"32303275"	"1002"
"32303279"	"1002"
"32303290"	"852090"
"32303335"	"852540"
"32303339"	"769"
"32303350"	"769"
"32303370"	"852190"
"32304100"	"851810"
"32304235"	"851821"
"32304237"	"851822"
"32304239"	"851829"
"32304270"	"851830"
"32304355"	"768"
"32304359"	"768"
"32304370"	"851850"
"32304450"	"771"
"32304490"	"771"
"32305130"	"852210"
"32305150"	"770"
"32305170"	"770"
"32305180"	"851890"
"32305220"	"773"
"32305235"	"773"
"32305239"	"773"
"32305250"	"773"
"32305270"	"773"
"32305280"	"852990"
"33101115"	"423"
"33101119"	"902219"
"33101135"	"902221"
"33101139"	"902229"
"33101150"	"902230"
"33101170"	"902290"
"33101210"	"901811"
"33101230"	"424"
"33101250"	"901820"
"33101330"	"901841"
"33101350"	"901849"
"33101400"	"841920"
"33101511"	"901831"
"33101513"	"825"
"33101515"	"825"
"33101517"	"901839"
"33101520"	"901850"
"33101533"	"826"
"33101535"	"826"
"33101553"	"826"
"33101555"	"826"
"33101563"	"826"
"33101565"	"826"
"33101573"	"826"
"33101579"	"826"
"33101653"	"901910"
"33101655"	"901920"
"33101690"	"902000"
"33101735"	"902131"
"33101739"	"902110"
"33101753"	"827"
"33101755"	"827"
"33101759"	"902129"
"33101790"	"902139"
"33101833"	"902140"
"33101839"	"828"
"33101850"	"902150"
"33101890"	"828"
"33102030"	"940210"
"33102050"	"940290"
"33201130"	"901410"
"33201155"	"901420"
"33201159"	"901480"
"33201215"	"1011"
"33201219"	"1011"
"33201235"	"820"
"33201239"	"820"
"33201253"	"820"
"33201255"	"820"
"33201257"	"820"
"33202030"	"852610"
"33202050"	"852691"
"33202070"	"852692"
"33203150"	"821"
"33203180"	"821"
"33203230"	"901710"
"33203253"	"822"
"33203255"	"822"
"33203259"	"822"
"33203310"	"823"
"33203330"	"823"
"33203355"	"824"
"33203359"	"824"
"33204100"	"903010"
"33204200"	"903020"
"33204310"	"903031"
"33204330"	"841"
"33204355"	"841"
"33204359"	"841"
"33204400"	"903040"
"33204520"	"903082"
"33204530"	"903083"
"33204555"	"842"
"33204559"	"842"
"33205115"	"831"
"33205119"	"831"
"33205135"	"832"
"33205139"	"832"
"33205150"	"833"
"33205175"	"833"
"33205179"	"833"
"33205235"	"834"
"33205239"	"834"
"33205255"	"834"
"33205259"	"834"
"33205271"	"835"
"33205274"	"835"
"33205279"	"835"
"33205283"	"836"
"33205289"	"836"
"33205313"	"837"
"33205319"	"837"
"33205320"	"902720"
"33205330"	"902730"
"33205340"	"902740"
"33205350"	"902750"
"33205381"	"838"
"33205383"	"838"
"33205385"	"838"
"33205389"	"838"
"33206100"	"901210"
"33206210"	"829"
"33206233"	"829"
"33206235"	"829"
"33206239"	"829"
"33206255"	"830"
"33206259"	"830"
"33206330"	"902810"
"33206350"	"902820"
"33206370"	"902830"
"33206430"	"902910"
"33206453"	"840"
"33206455"	"840"
"33206470"	"840"
"33206510"	"903110"
"33206520"	"903120"
"33206530"	"903130"
"33206540"	"425"
"33206550"	"843"
"33206570"	"843"
"33206583"	"843"
"33206589"	"843"
"33207015"	"844"
"33207019"	"844"
"33207030"	"903220"
"33207050"	"903281"
"33207090"	"903289"
"33208110"	"901490"
"33208120"	"901590"
"33208130"	"901790"
"33208141"	"902490"
"33208143"	"902590"
"33208145"	"902690"
"33208147"	"902790"
"33208150"	"903090"
"33208170"	"903190"
"33208190"	"903300"
"33208200"	"901290"
"33208333"	"839"
"33208335"	"839"
"33208350"	"902990"
"33208400"	"903290"
"33401130"	"900130"
"33401153"	"1010"
"33401155"	"1010"
"33401159"	"1010"
"33401170"	"1010"
"33401250"	"900410"
"33401290"	"900490"
"33401350"	"900311"
"33401390"	"900319"
"33401400"	"900390"
"33402115"	"818"
"33402119"	"818"
"33402130"	"900120"
"33402153"	"900190"
"33402155"	"900290"
"33402170"	"900219"
"33402190"	"900220"
"33402230"	"900510"
"33402250"	"900580"
"33402273"	"901110"
"33402275"	"901120"
"33402279"	"901180"
"33402310"	"901310"
"33402330"	"901320"
"33402355"	"819"
"33402359"	"819"
"33402410"	"900590"
"33402430"	"901190"
"33402450"	"901390"
"33403100"	"900211"
"33403230"	"900610"
"33403250"	"900620"
"33403270"	"900630"
"33403310"	"900640"
"33403335"	"900651"
"33403339"	"900652"
"33403350"	"900653"
"33403390"	"900659"
"33403430"	"900711"
"33403450"	"900719"
"33403530"	"900720"
"33403550"	"900810"
"33403590"	"900830"
"33403615"	"900661"
"33403619"	"900669"
"33403630"	"900840"
"33403650"	"901010"
"33403670"	"426"
"33403690"	"901060"
"33403700"	"900820"
"33403813"	"900691"
"33403815"	"900699"
"33403833"	"900791"
"33403835"	"900792"
"33403850"	"900890"
"33403870"	"901090"
"33501113"	"910111"
"33501115"	"910112"
"33501117"	"910119"
"33501130"	"427"
"33501150"	"910191"
"33501213"	"910211"
"33501215"	"910212"
"33501217"	"910219"
"33501230"	"428"
"33501250"	"910291"
"33501300"	"910400"
"33501413"	"910310"
"33501419"	"910390"
"33501433"	"910511"
"33501439"	"910519"
"33501443"	"910521"
"33501450"	"910529"
"33501460"	"910591"
"33501475"	"845"
"33501479"	"845"
"33502133"	"910811"
"33502135"	"910812"
"33502137"	"910819"
"33502150"	"429"
"33502235"	"910911"
"33502239"	"910919"
"33502290"	"910990"
"33502330"	"846"
"33502350"	"846"
"33502370"	"911012"
"33502400"	"911019"
"33502500"	"911090"
"33502613"	"911110"
"33502615"	"911120"
"33502619"	"911180"
"33502630"	"911190"
"33502654"	"911220"
"33502657"	"911290"
"33502700"	"430"
"33502810"	"911410"
"33502830"	"911420"
"33502850"	"911430"
"33502870"	"431"
"33502910"	"910610"
"33502930"	"1012"
"33502950"	"1012"
"33502970"	"910700"
"34101130"	"432"
"34101150"	"840733"
"34101200"	"840734"
"34101300"	"840820"
"34102133"	"870321"
"34102136"	"870322"
"34102230"	"1007"
"34102250"	"1007"
"34102310"	"870331"
"34102330"	"797"
"34102340"	"798"
"34102353"	"797"
"34102355"	"798"
"34102430"	"799"
"34102490"	"799"
"34103033"	"795"
"34103035"	"795"
"34103053"	"796"
"34103055"	"796"
"34103059"	"796"
"34104110"	"870421"
"34104130"	"870422"
"34104140"	"870423"
"34104230"	"870431"
"34104250"	"870432"
"34104290"	"870490"
"34104400"	"870120"
"34104500"	"870600"
"34105100"	"870410"
"34105200"	"870510"
"34105300"	"870310"
"34105410"	"870520"
"34105430"	"870530"
"34105450"	"870540"
"34105490"	"870590"
"34201030"	"870710"
"34201050"	"870790"
"34202100"	"860900"
"34202230"	"805"
"34202293"	"805"
"34202295"	"805"
"34202297"	"805"
"34202300"	"433"
"34203030"	"806"
"34203050"	"806"
"34203070"	"806"
"34203090"	"806"
"34301100"	"840991"
"34301200"	"840999"
"34302010"	"870810"
"34302023"	"870831"
"34302025"	"870839"
"34302033"	"870840"
"34302035"	"870850"
"34302037"	"870860"
"34302040"	"870870"
"34302050"	"870880"
"34302061"	"870891"
"34302063"	"870892"
"34302065"	"870893"
"34302067"	"870894"
"34302080"	"800"
"34302090"	"800"
"34303030"	"870821"
"34303090"	"870829"
"35111000"	"890610"
"35112190"	"807"
"351121Z1"	"807"
"35112290"	"808"
"351122Z1"	"808"
"35112330"	"809"
"35112390"	"809"
"35112480"	"810"
"35112490"	"810"
"351124Z1"	"810"
"35113130"	"811"
"35113190"	"811"
"35113230"	"816"
"35113250"	"816"
"35113290"	"816"
"35113330"	"1009"
"35113370"	"1009"
"35113393"	"817"
"35113395"	"817"
"351133Z1"	"1009"
"35114000"	"890520"
"35115000"	"434"
"35121130"	"813"
"35121153"	"813"
"35121155"	"813"
"35121157"	"813"
"35121234"	"812"
"35121237"	"812"
"35121330"	"814"
"35121355"	"814"
"35121357"	"814"
"35121393"	"815"
"35121395"	"815"
"35121397"	"815"
"35201100"	"860110"
"35201200"	"860210"
"35201330"	"860120"
"35201390"	"860290"
"35202030"	"860310"
"35202090"	"860390"
"35203100"	"860400"
"35203200"	"860500"
"35203330"	"435"
"35203350"	"436"
"35204030"	"437"
"35204055"	"793"
"35204058"	"793"
"35204059"	"793"
"35301100"	"840710"
"35301210"	"841111"
"35301230"	"841112"
"35301250"	"841121"
"35301270"	"841122"
"35301300"	"841210"
"35301430"	"880510"
"35301450"	"438"
"35301500"	"840910"
"35301600"	"841191"
"35302100"	"880110"
"35302200"	"880190"
"35303130"	"880211"
"35303150"	"880212"
"35303200"	"880220"
"35303300"	"880230"
"35303400"	"880240"
"35304000"	"880260"
"35305030"	"880310"
"35305050"	"880320"
"35305090"	"439"
"35411100"	"871110"
"35411213"	"801"
"35411215"	"801"
"35411230"	"871130"
"35411250"	"871140"
"35411270"	"871150"
"35411300"	"871190"
"35412030"	"871411"
"35412090"	"871419"
"35421030"	"802"
"35421050"	"802"
"35422013"	"1008"
"35422015"	"1008"
"35422019"	"1008"
"35422023"	"803"
"35422025"	"803"
"35422027"	"1008"
"35422033"	"1008"
"35422039"	"1008"
"35422040"	"871495"
"35422053"	"1008"
"35422055"	"1008"
"35422063"	"1008"
"35422065"	"1008"
"35422067"	"1008"
"35431130"	"871310"
"35431190"	"871390"
"35431200"	"871420"
"35501000"	"871680"
"36111110"	"940110"
"36111130"	"940120"
"36111155"	"852"
"36111159"	"852"
"36111170"	"940171"
"36111190"	"940179"
"36111210"	"940140"
"36111230"	"940150"
"36111250"	"940161"
"36111290"	"940169"
"36111300"	"940180"
"36111410"	"853"
"36111430"	"853"
"36121110"	"854"
"36121130"	"854"
"36121150"	"854"
"36121173"	"854"
"36121175"	"854"
"36121190"	"854"
"36121230"	"855"
"36121250"	"855"
"36121270"	"855"
"36121290"	"855"
"36121300"	"857"
"36131050"	"856"
"36131090"	"856"
"36141100"	"940320"
"36141230"	"940350"
"36141250"	"857"
"36141300"	"857"
"36141430"	"940370"
"36141450"	"940380"
"36141530"	"858"
"36141550"	"858"
"36141590"	"858"
"36151100"	"940410"
"36151230"	"859"
"36151250"	"859"
"36151270"	"860"
"36151290"	"860"
"36211000"	"440"
"36221110"	"710122"
"36221130"	"710239"
"36221150"	"441"
"36221170"	"710490"
"36221230"	"710229"
"36221250"	"442"
"36221330"	"443"
"36221351"	"711411"
"36221353"	"711419"
"36221355"	"711420"
"36221430"	"711590"
"36221450"	"444"
"36221470"	"711510"
"36301110"	"920110"
"36301130"	"920120"
"36301150"	"920190"
"36301235"	"847"
"36301239"	"847"
"36301250"	"848"
"36301290"	"848"
"36301310"	"920300"
"36301330"	"920410"
"36301350"	"920420"
"36301410"	"920510"
"36301440"	"920590"
"36301510"	"849"
"36301533"	"849"
"36301537"	"849"
"36301540"	"849"
"36301550"	"850"
"36301590"	"850"
"36301630"	"920600"
"36301650"	"445"
"36301730"	"446"
"36301750"	"920930"
"36301813"	"920991"
"36301815"	"920993"
"36301817"	"920994"
"36301830"	"920992"
"36301895"	"851"
"36301897"	"851"
"36401133"	"872"
"36401135"	"872"
"36401137"	"447"
"36401153"	"873"
"36401155"	"873"
"36401157"	"873"
"36401200"	"448"
"36401300"	"950691"
"36401410"	"420321"
"36401430"	"449"
"36401450"	"950640"
"36401463"	"950651"
"36401465"	"950659"
"36401480"	"450"
"36401490"	"950699"
"36401530"	"451"
"36401550"	"950790"
"36501100"	"950210"
"36501230"	"950341"
"36501253"	"867"
"36501255"	"867"
"36501259"	"867"
"36501330"	"950291"
"36501350"	"950299"
"36502030"	"950310"
"36502055"	"865"
"36502059"	"865"
"36502093"	"866"
"36502095"	"866"
"36502099"	"866"
"36503130"	"864"
"36503150"	"864"
"36503250"	"868"
"36503290"	"868"
"36503310"	"950350"
"36503330"	"950370"
"36503343"	"869"
"36503349"	"869"
"36503350"	"870"
"36503363"	"870"
"36503365"	"870"
"36503367"	"870"
"36503373"	"870"
"36503375"	"870"
"36503379"	"870"
"36504100"	"950440"
"36504200"	"950410"
"36504310"	"950420"
"36504330"	"950430"
"36504355"	"871"
"36504359"	"871"
"36611030"	"711711"
"36611050"	"711719"
"36611090"	"711790"
"36621110"	"960310"
"36621130"	"877"
"36621150"	"877"
"36621190"	"877"
"36621210"	"960321"
"36621235"	"874"
"36621237"	"874"
"36621250"	"875"
"36621270"	"875"
"36621330"	"876"
"36621350"	"876"
"36621370"	"960350"
"36631000"	"452"
"36632113"	"878"
"36632115"	"878"
"36632117"	"878"
"36632119"	"878"
"36632130"	"960820"
"36632150"	"960840"
"36632230"	"960831"
"36632255"	"879"
"36632259"	"879"
"36632310"	"960850"
"36632335"	"880"
"36632339"	"880"
"36632353"	"960891"
"36632355"	"960899"
"36632410"	"960910"
"36632430"	"960920"
"36632450"	"960990"
"36632510"	"961000"
"36632530"	"961100"
"36632550"	"961220"
"36632570"	"961210"
"36633130"	"453"
"36633150"	"660200"
"36633200"	"454"
"36633333"	"960610"
"36633335"	"960621"
"36633337"	"960622"
"36633339"	"960629"
"36633350"	"455"
"36633430"	"960630"
"36633450"	"960720"
"36634000"	"456"
"36635030"	"670300"
"36635050"	"457"
"36636110"	"458"
"36636130"	"881"
"36636150"	"961490"
"36636170"	"881"
"36636210"	"360690"
"36636230"	"961390"
"36636300"	"360500"
"36636400"	"360610"
"36637130"	"950510"
"36637150"	"950590"
"36637230"	"804"
"36637250"	"804"
"36637315"	"961511"
"36637319"	"961519"
"36637330"	"961590"
"36637350"	"961610"
"36637370"	"961620"
"36637400"	"902300"
"36637500"	"340600"
"36637650"	"670210"
"36637690"	"670290"
"36637710"	"459"
"36637720"	"670100"
"36637730"	"460"
"36637790"	"961800"
"399900Z0"	"863"
"401110Z1"	"271600"
"402110Z1"	"270500"
