cn2003	pc2003	many_one	one_many	many_many	simple	pc8plus	synthetic	_merge
"04031019"	"155152Z1"	1	0	0	0	"155152Z1"	0	1
"04039053"	"155152Z1"	1	0	0	0	"155152Z1"	0	1
"04039031"	"155152Z1"	1	0	0	0	"155152Z1"	0	1
"04039063"	"155152Z1"	1	0	0	0	"155152Z1"	0	1
"04039073"	"155152Z1"	1	0	0	0	"155152Z1"	0	1
"04039069"	"155152Z1"	1	0	0	0	"155152Z1"	0	1
"04039061"	"155152Z1"	1	0	0	0	"155152Z1"	0	1
"04031013"	"155152Z1"	1	0	0	0	"155152Z1"	0	1
"04039059"	"155152Z1"	1	0	0	0	"155152Z1"	0	1
"04039019"	"155152Z1"	1	0	0	0	"155152Z1"	0	1
"04039071"	"155152Z1"	1	0	0	0	"155152Z1"	0	1
"04031011"	"155152Z1"	1	0	0	0	"155152Z1"	0	1
"04031033"	"155152Z1"	1	0	0	0	"155152Z1"	0	1
"04039079"	"155152Z1"	1	0	0	0	"155152Z1"	0	1
"04039013"	"155152Z1"	1	0	0	0	"155152Z1"	0	1
"04031031"	"155152Z1"	1	0	0	0	"155152Z1"	0	1
"04039033"	"155152Z1"	1	0	0	0	"155152Z1"	0	1
"04031051"	"155152Z1"	1	0	0	0	"155152Z1"	0	1
"04031039"	"155152Z1"	1	0	0	0	"155152Z1"	0	1
"04031059"	"155152Z1"	1	0	0	0	"155152Z1"	0	1
"04039039"	"155152Z1"	1	0	0	0	"155152Z1"	0	1
"04031053"	"155152Z1"	1	0	0	0	"155152Z1"	0	1
"23099033"	"157010Z3"	1	0	0	0	"157010Z3"	0	1
"23099049"	"157010Z3"	1	0	0	0	"157010Z3"	0	1
"23099059"	"157010Z3"	1	0	0	0	"157010Z3"	0	1
"23099020"	"157010Z3"	1	0	0	0	"157010Z3"	0	1
"23099031"	"157010Z3"	1	0	0	0	"157010Z3"	0	1
"23099039"	"157010Z3"	1	0	0	0	"157010Z3"	0	1
"23099041"	"157010Z3"	1	0	0	0	"157010Z3"	0	1
"23099070"	"157010Z3"	1	0	0	0	"157010Z3"	0	1
"23099091"	"157010Z3"	1	0	0	0	"157010Z3"	0	1
"23099095"	"157010Z3"	1	0	0	0	"157010Z3"	0	1
"23099099"	"157010Z3"	1	0	0	0	"157010Z3"	0	1
"23099043"	"157010Z3"	1	0	0	0	"157010Z3"	0	1
"23099053"	"157010Z3"	1	0	0	0	"157010Z3"	0	1
"23099035"	"157010Z3"	1	0	0	0	"157010Z3"	0	1
"23099010"	"157010Z3"	1	0	0	0	"157010Z3"	0	1
"23099051"	"157010Z3"	1	0	0	0	"157010Z3"	0	1
"55061000"	"171030Q0"	0	0	1	0	"1552"	1	1
"55063000"	"171030Q0"	0	0	1	0	"1552"	1	1
"55069010"	"171030Q0"	0	0	1	0	"1552"	1	1
"55070000"	"171030Q0"	0	0	1	0	"1552"	1	1
"55069090"	"171030Q0"	0	0	1	0	"1552"	1	1
"55062000"	"171030Q0"	0	0	1	0	"1552"	1	1
"51061090"	"171042Z1"	1	0	0	0	"171042Z1"	0	1
"51062010"	"171042Z1"	1	0	0	0	"171042Z1"	0	1
"51062099"	"171042Z1"	1	0	0	0	"171042Z1"	0	1
"51061010"	"171042Z1"	1	0	0	0	"171042Z1"	0	1
"51081010"	"171042Z1"	1	0	0	0	"171042Z1"	0	1
"51081090"	"171042Z1"	1	0	0	0	"171042Z1"	0	1
"51062091"	"171042Z1"	1	0	0	0	"171042Z1"	0	1
"51072091"	"171042Z2"	1	0	0	0	"171042Z2"	0	1
"51082010"	"171042Z2"	1	0	0	0	"171042Z2"	0	1
"51072051"	"171042Z2"	1	0	0	0	"171042Z2"	0	1
"51072010"	"171042Z2"	1	0	0	0	"171042Z2"	0	1
"51072030"	"171042Z2"	1	0	0	0	"171042Z2"	0	1
"51072059"	"171042Z2"	1	0	0	0	"171042Z2"	0	1
"51082090"	"171042Z2"	1	0	0	0	"171042Z2"	0	1
"51072099"	"171042Z2"	1	0	0	0	"171042Z2"	0	1
"51071010"	"171042Z2"	1	0	0	0	"171042Z2"	0	1
"51071090"	"171042Z2"	1	0	0	0	"171042Z2"	0	1
"52053300"	"171043Z1"	1	0	0	0	"171043Z1"	0	1
"52063500"	"171043Z1"	1	0	0	0	"171043Z1"	0	1
"52061510"	"171043Z1"	1	0	0	0	"171043Z1"	0	1
"52051590"	"171043Z1"	1	0	0	0	"171043Z1"	0	1
"52061400"	"171043Z1"	1	0	0	0	"171043Z1"	0	1
"52061300"	"171043Z1"	1	0	0	0	"171043Z1"	0	1
"52053200"	"171043Z1"	1	0	0	0	"171043Z1"	0	1
"52063300"	"171043Z1"	1	0	0	0	"171043Z1"	0	1
"52063400"	"171043Z1"	1	0	0	0	"171043Z1"	0	1
"52061200"	"171043Z1"	1	0	0	0	"171043Z1"	0	1
"52063100"	"171043Z1"	1	0	0	0	"171043Z1"	0	1
"52061100"	"171043Z1"	1	0	0	0	"171043Z1"	0	1
"52053500"	"171043Z1"	1	0	0	0	"171043Z1"	0	1
"52051300"	"171043Z1"	1	0	0	0	"171043Z1"	0	1
"52053400"	"171043Z1"	1	0	0	0	"171043Z1"	0	1
"52051200"	"171043Z1"	1	0	0	0	"171043Z1"	0	1
"52063200"	"171043Z1"	1	0	0	0	"171043Z1"	0	1
"52061590"	"171043Z1"	1	0	0	0	"171043Z1"	0	1
"52051510"	"171043Z1"	1	0	0	0	"171043Z1"	0	1
"52051400"	"171043Z1"	1	0	0	0	"171043Z1"	0	1
"52051100"	"171043Z1"	1	0	0	0	"171043Z1"	0	1
"52053100"	"171043Z1"	1	0	0	0	"171043Z1"	0	1
"52052300"	"171043Z2"	1	0	0	0	"171043Z2"	0	1
"52062590"	"171043Z2"	1	0	0	0	"171043Z2"	0	1
"52062200"	"171043Z2"	1	0	0	0	"171043Z2"	0	1
"52052200"	"171043Z2"	1	0	0	0	"171043Z2"	0	1
"52054400"	"171043Z2"	1	0	0	0	"171043Z2"	0	1
"52054200"	"171043Z2"	1	0	0	0	"171043Z2"	0	1
"52064300"	"171043Z2"	1	0	0	0	"171043Z2"	0	1
"52052600"	"171043Z2"	1	0	0	0	"171043Z2"	0	1
"52062300"	"171043Z2"	1	0	0	0	"171043Z2"	0	1
"52062400"	"171043Z2"	1	0	0	0	"171043Z2"	0	1
"52054300"	"171043Z2"	1	0	0	0	"171043Z2"	0	1
"52062510"	"171043Z2"	1	0	0	0	"171043Z2"	0	1
"52062100"	"171043Z2"	1	0	0	0	"171043Z2"	0	1
"52054600"	"171043Z2"	1	0	0	0	"171043Z2"	0	1
"52064500"	"171043Z2"	1	0	0	0	"171043Z2"	0	1
"52054100"	"171043Z2"	1	0	0	0	"171043Z2"	0	1
"52052400"	"171043Z2"	1	0	0	0	"171043Z2"	0	1
"52054800"	"171043Z2"	1	0	0	0	"171043Z2"	0	1
"52064100"	"171043Z2"	1	0	0	0	"171043Z2"	0	1
"52052100"	"171043Z2"	1	0	0	0	"171043Z2"	0	1
"52054700"	"171043Z2"	1	0	0	0	"171043Z2"	0	1
"52052800"	"171043Z2"	1	0	0	0	"171043Z2"	0	1
"52064200"	"171043Z2"	1	0	0	0	"171043Z2"	0	1
"52064400"	"171043Z2"	1	0	0	0	"171043Z2"	0	1
"52052700"	"171043Z2"	1	0	0	0	"171043Z2"	0	1
"52042000"	"171045Q0"	0	0	1	0	"1553"	1	1
"50060010"	"171045Q0"	0	0	1	0	"1553"	1	1
"52041900"	"171045Q0"	0	0	1	0	"1553"	1	1
"52041100"	"171045Q0"	0	0	1	0	"1553"	1	1
"50060090"	"171045Q0"	0	0	1	0	"1553"	1	1
"52071000"	"171045Q0"	0	0	1	0	"1553"	1	1
"52079000"	"171045Q0"	0	0	1	0	"1553"	1	1
"53061090"	"171045Q0"	0	0	1	0	"1553"	1	1
"51091010"	"171045Q0"	0	0	1	0	"1553"	1	1
"51091090"	"171045Q0"	0	0	1	0	"1553"	1	1
"51099010"	"171045Q0"	0	0	1	0	"1553"	1	1
"53062090"	"171045Q0"	0	0	1	0	"1553"	1	1
"51099090"	"171045Q0"	0	0	1	0	"1553"	1	1
"55094190"	"171052Z1"	1	0	0	0	"171052Z1"	0	1
"55093110"	"171052Z1"	1	0	0	0	"171052Z1"	0	1
"55093210"	"171052Z1"	1	0	0	0	"171052Z1"	0	1
"55091200"	"171052Z1"	1	0	0	0	"171052Z1"	0	1
"55092210"	"171052Z1"	1	0	0	0	"171052Z1"	0	1
"55092290"	"171052Z1"	1	0	0	0	"171052Z1"	0	1
"55091100"	"171052Z1"	1	0	0	0	"171052Z1"	0	1
"55092110"	"171052Z1"	1	0	0	0	"171052Z1"	0	1
"55094110"	"171052Z1"	1	0	0	0	"171052Z1"	0	1
"55093290"	"171052Z1"	1	0	0	0	"171052Z1"	0	1
"55094290"	"171052Z1"	1	0	0	0	"171052Z1"	0	1
"55093190"	"171052Z1"	1	0	0	0	"171052Z1"	0	1
"55092190"	"171052Z1"	1	0	0	0	"171052Z1"	0	1
"55094210"	"171052Z1"	1	0	0	0	"171052Z1"	0	1
"55095100"	"171052Z2"	0	0	0	1	"171052Z2"	0	1
"55095300"	"171052Z3"	1	0	0	0	"171052Z3"	0	1
"55096200"	"171052Z3"	1	0	0	0	"171052Z3"	0	1
"55099200"	"171052Z3"	1	0	0	0	"171052Z3"	0	1
"55099900"	"171052Z4"	1	0	0	0	"171052Z4"	0	1
"55096900"	"171052Z4"	1	0	0	0	"171052Z4"	0	1
"55095900"	"171052Z4"	1	0	0	0	"171052Z4"	0	1
"55095290"	"171053Z1"	1	0	0	0	"171053Z1"	0	1
"55095210"	"171053Z1"	1	0	0	0	"171053Z1"	0	1
"55096190"	"171053Z1"	1	0	0	0	"171053Z1"	0	1
"55096110"	"171053Z1"	1	0	0	0	"171053Z1"	0	1
"55099110"	"171053Z1"	1	0	0	0	"171053Z1"	0	1
"55099190"	"171053Z1"	1	0	0	0	"171053Z1"	0	1
"55101100"	"171054Z1"	1	0	0	0	"171054Z1"	0	1
"55102000"	"171054Z1"	1	0	0	0	"171054Z1"	0	1
"55103000"	"171054Z1"	1	0	0	0	"171054Z1"	0	1
"55101200"	"171054Z1"	1	0	0	0	"171054Z1"	0	1
"55109000"	"171054Z1"	1	0	0	0	"171054Z1"	0	1
"55112000"	"171055Q0"	0	0	1	0	"1554"	1	1
"55081019"	"171055Q0"	0	0	1	0	"1554"	1	1
"54062000"	"171055Q0"	0	0	1	0	"1554"	1	1
"54011019"	"171055Q0"	0	0	1	0	"1554"	1	1
"55081090"	"171055Q0"	0	0	1	0	"1554"	1	1
"55082090"	"171055Q0"	0	0	1	0	"1554"	1	1
"54011011"	"171055Q0"	0	0	1	0	"1554"	1	1
"55113000"	"171055Q0"	0	0	1	0	"1554"	1	1
"54012090"	"171055Q0"	0	0	1	0	"1554"	1	1
"54012010"	"171055Q0"	0	0	1	0	"1554"	1	1
"54011090"	"171055Q0"	0	0	1	0	"1554"	1	1
"55082010"	"171055Q0"	0	0	1	0	"1554"	1	1
"54061000"	"171055Q0"	0	0	1	0	"1554"	1	1
"55081011"	"171055Q0"	0	0	1	0	"1554"	1	1
"55111000"	"171055Q0"	0	0	1	0	"1554"	1	1
"51112000"	"172010Z1"	1	0	0	0	"172010Z1"	0	1
"51111999"	"172010Z1"	1	0	0	0	"172010Z1"	0	1
"51111939"	"172010Z1"	1	0	0	0	"172010Z1"	0	1
"51111931"	"172010Z1"	1	0	0	0	"172010Z1"	0	1
"51111911"	"172010Z1"	1	0	0	0	"172010Z1"	0	1
"51111919"	"172010Z1"	1	0	0	0	"172010Z1"	0	1
"51113010"	"172010Z1"	1	0	0	0	"172010Z1"	0	1
"51111191"	"172010Z1"	1	0	0	0	"172010Z1"	0	1
"51111991"	"172010Z1"	1	0	0	0	"172010Z1"	0	1
"51111111"	"172010Z1"	1	0	0	0	"172010Z1"	0	1
"51113090"	"172010Z1"	1	0	0	0	"172010Z1"	0	1
"51119099"	"172010Z1"	1	0	0	0	"172010Z1"	0	1
"51111199"	"172010Z1"	1	0	0	0	"172010Z1"	0	1
"51119091"	"172010Z1"	1	0	0	0	"172010Z1"	0	1
"51119010"	"172010Z1"	1	0	0	0	"172010Z1"	0	1
"51119093"	"172010Z1"	1	0	0	0	"172010Z1"	0	1
"51113030"	"172010Z1"	1	0	0	0	"172010Z1"	0	1
"51111119"	"172010Z1"	1	0	0	0	"172010Z1"	0	1
"51130000"	"172010Z2"	1	0	0	0	"172010Z2"	0	1
"51121190"	"172010Z2"	1	0	0	0	"172010Z2"	0	1
"51121110"	"172010Z2"	1	0	0	0	"172010Z2"	0	1
"51123030"	"172010Z2"	1	0	0	0	"172010Z2"	0	1
"51129093"	"172010Z2"	1	0	0	0	"172010Z2"	0	1
"51129091"	"172010Z2"	1	0	0	0	"172010Z2"	0	1
"51121999"	"172010Z2"	1	0	0	0	"172010Z2"	0	1
"51121911"	"172010Z2"	1	0	0	0	"172010Z2"	0	1
"51123010"	"172010Z2"	1	0	0	0	"172010Z2"	0	1
"51123090"	"172010Z2"	1	0	0	0	"172010Z2"	0	1
"51129099"	"172010Z2"	1	0	0	0	"172010Z2"	0	1
"51121991"	"172010Z2"	1	0	0	0	"172010Z2"	0	1
"51122000"	"172010Z2"	1	0	0	0	"172010Z2"	0	1
"51121919"	"172010Z2"	1	0	0	0	"172010Z2"	0	1
"51129010"	"172010Z2"	1	0	0	0	"172010Z2"	0	1
"53091900"	"172010Z3"	1	0	0	0	"172010Z3"	0	1
"53091190"	"172010Z3"	1	0	0	0	"172010Z3"	0	1
"53091110"	"172010Z3"	1	0	0	0	"172010Z3"	0	1
"53092900"	"172010Z4"	1	0	0	0	"172010Z4"	0	1
"53092190"	"172010Z4"	1	0	0	0	"172010Z4"	0	1
"53092110"	"172010Z4"	1	0	0	0	"172010Z4"	0	1
"52102190"	"172020Z1"	0	0	1	0	"1555"	1	1
"52121290"	"172020Z1"	0	0	1	0	"1555"	1	1
"52085100"	"172020Z1"	0	0	1	0	"1555"	1	1
"52085900"	"172020Z1"	0	0	1	0	"1555"	1	1
"52121310"	"172020Z1"	0	0	1	0	"1555"	1	1
"52085290"	"172020Z1"	0	0	1	0	"1555"	1	1
"52082299"	"172020Z1"	0	0	1	0	"1555"	1	1
"52082190"	"172020Z1"	0	0	1	0	"1555"	1	1
"52083900"	"172020Z1"	0	0	1	0	"1555"	1	1
"52105900"	"172020Z1"	0	0	1	0	"1555"	1	1
"52121190"	"172020Z1"	0	0	1	0	"1555"	1	1
"52081299"	"172020Z1"	0	0	1	0	"1555"	1	1
"52105100"	"172020Z1"	0	0	1	0	"1555"	1	1
"52102900"	"172020Z1"	0	0	1	0	"1555"	1	1
"52083300"	"172020Z1"	0	0	1	0	"1555"	1	1
"52103200"	"172020Z1"	0	0	1	0	"1555"	1	1
"52103190"	"172020Z1"	0	0	1	0	"1555"	1	1
"52101200"	"172020Z1"	0	0	1	0	"1555"	1	1
"52103110"	"172020Z1"	0	0	1	0	"1555"	1	1
"52082296"	"172020Z1"	0	0	1	0	"1555"	1	1
"52121210"	"172020Z1"	0	0	1	0	"1555"	1	1
"52082219"	"172020Z1"	0	0	1	0	"1555"	1	1
"52102110"	"172020Z1"	0	0	1	0	"1555"	1	1
"52101110"	"172020Z1"	0	0	1	0	"1555"	1	1
"52081300"	"172020Z1"	0	0	1	0	"1555"	1	1
"52083216"	"172020Z1"	0	0	1	0	"1555"	1	1
"52082300"	"172020Z1"	0	0	1	0	"1555"	1	1
"52081190"	"172020Z1"	0	0	1	0	"1555"	1	1
"52081900"	"172020Z1"	0	0	1	0	"1555"	1	1
"52083296"	"172020Z1"	0	0	1	0	"1555"	1	1
"52103900"	"172020Z1"	0	0	1	0	"1555"	1	1
"52085300"	"172020Z1"	0	0	1	0	"1555"	1	1
"52083100"	"172020Z1"	0	0	1	0	"1555"	1	1
"52083299"	"172020Z1"	0	0	1	0	"1555"	1	1
"52082216"	"172020Z1"	0	0	1	0	"1555"	1	1
"52102200"	"172020Z1"	0	0	1	0	"1555"	1	1
"52083219"	"172020Z1"	0	0	1	0	"1555"	1	1
"52105200"	"172020Z1"	0	0	1	0	"1555"	1	1
"52082900"	"172020Z1"	0	0	1	0	"1555"	1	1
"52101190"	"172020Z1"	0	0	1	0	"1555"	1	1
"52121110"	"172020Z1"	0	0	1	0	"1555"	1	1
"52085210"	"172020Z1"	0	0	1	0	"1555"	1	1
"52121510"	"172020Z1"	0	0	1	0	"1555"	1	1
"52081219"	"172020Z1"	0	0	1	0	"1555"	1	1
"52081216"	"172020Z1"	0	0	1	0	"1555"	1	1
"52121590"	"172020Z1"	0	0	1	0	"1555"	1	1
"52101900"	"172020Z1"	0	0	1	0	"1555"	1	1
"52121390"	"172020Z1"	0	0	1	0	"1555"	1	1
"52081296"	"172020Z1"	0	0	1	0	"1555"	1	1
"52111100"	"172020Z3"	1	0	0	0	"172020Z3"	0	1
"52092900"	"172020Z3"	1	0	0	0	"172020Z3"	0	1
"52095100"	"172020Z3"	1	0	0	0	"172020Z3"	0	1
"52112100"	"172020Z3"	1	0	0	0	"172020Z3"	0	1
"52092100"	"172020Z3"	1	0	0	0	"172020Z3"	0	1
"52113900"	"172020Z3"	1	0	0	0	"172020Z3"	0	1
"52122190"	"172020Z3"	1	0	0	0	"172020Z3"	0	1
"52091100"	"172020Z3"	1	0	0	0	"172020Z3"	0	1
"52122510"	"172020Z3"	1	0	0	0	"172020Z3"	0	1
"52091200"	"172020Z3"	1	0	0	0	"172020Z3"	0	1
"52111900"	"172020Z3"	1	0	0	0	"172020Z3"	0	1
"52115200"	"172020Z3"	1	0	0	0	"172020Z3"	0	1
"52115100"	"172020Z3"	1	0	0	0	"172020Z3"	0	1
"52091900"	"172020Z3"	1	0	0	0	"172020Z3"	0	1
"52095200"	"172020Z3"	1	0	0	0	"172020Z3"	0	1
"52115900"	"172020Z3"	1	0	0	0	"172020Z3"	0	1
"52122110"	"172020Z3"	1	0	0	0	"172020Z3"	0	1
"52112200"	"172020Z3"	1	0	0	0	"172020Z3"	0	1
"52093200"	"172020Z3"	1	0	0	0	"172020Z3"	0	1
"52092200"	"172020Z3"	1	0	0	0	"172020Z3"	0	1
"52113100"	"172020Z3"	1	0	0	0	"172020Z3"	0	1
"52122290"	"172020Z3"	1	0	0	0	"172020Z3"	0	1
"52093900"	"172020Z3"	1	0	0	0	"172020Z3"	0	1
"52122310"	"172020Z3"	1	0	0	0	"172020Z3"	0	1
"52122210"	"172020Z3"	1	0	0	0	"172020Z3"	0	1
"52111200"	"172020Z3"	1	0	0	0	"172020Z3"	0	1
"52112900"	"172020Z3"	1	0	0	0	"172020Z3"	0	1
"52122590"	"172020Z3"	1	0	0	0	"172020Z3"	0	1
"52122390"	"172020Z3"	1	0	0	0	"172020Z3"	0	1
"52095900"	"172020Z3"	1	0	0	0	"172020Z3"	0	1
"52093100"	"172020Z3"	1	0	0	0	"172020Z3"	0	1
"52113200"	"172020Z3"	1	0	0	0	"172020Z3"	0	1
"52121410"	"172020Z5"	0	0	1	0	"1555"	1	1
"52101110"	"172020Z5"	0	0	1	0	"1555"	1	1
"52114990"	"172020Z5"	0	0	1	0	"1555"	1	1
"52084300"	"172020Z5"	0	0	1	0	"1555"	1	1
"52122490"	"172020Z5"	0	0	1	0	"1555"	1	1
"52084100"	"172020Z5"	0	0	1	0	"1555"	1	1
"52094910"	"172020Z5"	0	0	1	0	"1555"	1	1
"52103200"	"172020Z5"	0	0	1	0	"1555"	1	1
"52102200"	"172020Z5"	0	0	1	0	"1555"	1	1
"52101200"	"172020Z5"	0	0	1	0	"1555"	1	1
"52102190"	"172020Z5"	0	0	1	0	"1555"	1	1
"52102900"	"172020Z5"	0	0	1	0	"1555"	1	1
"52114910"	"172020Z5"	0	0	1	0	"1555"	1	1
"52102110"	"172020Z5"	0	0	1	0	"1555"	1	1
"52084200"	"172020Z5"	0	0	1	0	"1555"	1	1
"52104100"	"172020Z5"	0	0	1	0	"1555"	1	1
"52094990"	"172020Z5"	0	0	1	0	"1555"	1	1
"52105900"	"172020Z5"	0	0	1	0	"1555"	1	1
"52084900"	"172020Z5"	0	0	1	0	"1555"	1	1
"52094300"	"172020Z5"	0	0	1	0	"1555"	1	1
"52101900"	"172020Z5"	0	0	1	0	"1555"	1	1
"52103190"	"172020Z5"	0	0	1	0	"1555"	1	1
"52121490"	"172020Z5"	0	0	1	0	"1555"	1	1
"52122410"	"172020Z5"	0	0	1	0	"1555"	1	1
"52105200"	"172020Z5"	0	0	1	0	"1555"	1	1
"52114100"	"172020Z5"	0	0	1	0	"1555"	1	1
"52105100"	"172020Z5"	0	0	1	0	"1555"	1	1
"52104200"	"172020Z5"	0	0	1	0	"1555"	1	1
"52103110"	"172020Z5"	0	0	1	0	"1555"	1	1
"52104900"	"172020Z5"	0	0	1	0	"1555"	1	1
"52094100"	"172020Z5"	0	0	1	0	"1555"	1	1
"52103900"	"172020Z5"	0	0	1	0	"1555"	1	1
"52114300"	"172020Z5"	0	0	1	0	"1555"	1	1
"52101190"	"172020Z5"	0	0	1	0	"1555"	1	1
"54076130"	"172031Z1"	1	0	0	0	"172031Z1"	0	1
"54076190"	"172031Z1"	1	0	0	0	"172031Z1"	0	1
"54078400"	"172031Z1"	1	0	0	0	"172031Z1"	0	1
"54078100"	"172031Z1"	1	0	0	0	"172031Z1"	0	1
"54077300"	"172031Z1"	1	0	0	0	"172031Z1"	0	1
"54076110"	"172031Z1"	1	0	0	0	"172031Z1"	0	1
"54075200"	"172031Z1"	1	0	0	0	"172031Z1"	0	1
"54078300"	"172031Z1"	1	0	0	0	"172031Z1"	0	1
"54076910"	"172031Z1"	1	0	0	0	"172031Z1"	0	1
"54075300"	"172031Z1"	1	0	0	0	"172031Z1"	0	1
"54074200"	"172031Z1"	1	0	0	0	"172031Z1"	0	1
"54076150"	"172031Z1"	1	0	0	0	"172031Z1"	0	1
"54079400"	"172031Z1"	1	0	0	0	"172031Z1"	0	1
"54079300"	"172031Z1"	1	0	0	0	"172031Z1"	0	1
"54077400"	"172031Z1"	1	0	0	0	"172031Z1"	0	1
"54077100"	"172031Z1"	1	0	0	0	"172031Z1"	0	1
"54074400"	"172031Z1"	1	0	0	0	"172031Z1"	0	1
"54078200"	"172031Z1"	1	0	0	0	"172031Z1"	0	1
"54077200"	"172031Z1"	1	0	0	0	"172031Z1"	0	1
"54075100"	"172031Z1"	1	0	0	0	"172031Z1"	0	1
"54079100"	"172031Z1"	1	0	0	0	"172031Z1"	0	1
"54079200"	"172031Z1"	1	0	0	0	"172031Z1"	0	1
"54074300"	"172031Z1"	1	0	0	0	"172031Z1"	0	1
"54074100"	"172031Z1"	1	0	0	0	"172031Z1"	0	1
"54075400"	"172031Z1"	1	0	0	0	"172031Z1"	0	1
"54076990"	"172031Z1"	1	0	0	0	"172031Z1"	0	1
"54082310"	"172031Z2"	1	0	0	0	"172031Z2"	0	1
"54082290"	"172031Z2"	1	0	0	0	"172031Z2"	0	1
"54082210"	"172031Z2"	1	0	0	0	"172031Z2"	0	1
"54083200"	"172031Z2"	1	0	0	0	"172031Z2"	0	1
"54083400"	"172031Z2"	1	0	0	0	"172031Z2"	0	1
"54082390"	"172031Z2"	1	0	0	0	"172031Z2"	0	1
"54082400"	"172031Z2"	1	0	0	0	"172031Z2"	0	1
"54082100"	"172031Z2"	1	0	0	0	"172031Z2"	0	1
"54083300"	"172031Z2"	1	0	0	0	"172031Z2"	0	1
"54083100"	"172031Z2"	1	0	0	0	"172031Z2"	0	1
"55122910"	"172032Z1"	1	0	0	0	"172032Z1"	0	1
"55121910"	"172032Z1"	1	0	0	0	"172032Z1"	0	1
"55129100"	"172032Z1"	1	0	0	0	"172032Z1"	0	1
"55121990"	"172032Z1"	1	0	0	0	"172032Z1"	0	1
"55129990"	"172032Z1"	1	0	0	0	"172032Z1"	0	1
"55122990"	"172032Z1"	1	0	0	0	"172032Z1"	0	1
"55122100"	"172032Z1"	1	0	0	0	"172032Z1"	0	1
"55129910"	"172032Z1"	1	0	0	0	"172032Z1"	0	1
"55121100"	"172032Z1"	1	0	0	0	"172032Z1"	0	1
"55132130"	"172032Z2"	1	0	0	0	"172032Z2"	0	1
"55131190"	"172032Z2"	1	0	0	0	"172032Z2"	0	1
"55134200"	"172032Z2"	1	0	0	0	"172032Z2"	0	1
"55141100"	"172032Z2"	1	0	0	0	"172032Z2"	0	1
"55144100"	"172032Z2"	1	0	0	0	"172032Z2"	0	1
"55132300"	"172032Z2"	1	0	0	0	"172032Z2"	0	1
"55142100"	"172032Z2"	1	0	0	0	"172032Z2"	0	1
"55142300"	"172032Z2"	1	0	0	0	"172032Z2"	0	1
"55132200"	"172032Z2"	1	0	0	0	"172032Z2"	0	1
"55131900"	"172032Z2"	1	0	0	0	"172032Z2"	0	1
"55132110"	"172032Z2"	1	0	0	0	"172032Z2"	0	1
"55142900"	"172032Z2"	1	0	0	0	"172032Z2"	0	1
"55144300"	"172032Z2"	1	0	0	0	"172032Z2"	0	1
"55141200"	"172032Z2"	1	0	0	0	"172032Z2"	0	1
"55131200"	"172032Z2"	1	0	0	0	"172032Z2"	0	1
"55131120"	"172032Z2"	1	0	0	0	"172032Z2"	0	1
"55141300"	"172032Z2"	1	0	0	0	"172032Z2"	0	1
"55142200"	"172032Z2"	1	0	0	0	"172032Z2"	0	1
"55134100"	"172032Z2"	1	0	0	0	"172032Z2"	0	1
"55144200"	"172032Z2"	1	0	0	0	"172032Z2"	0	1
"55144900"	"172032Z2"	1	0	0	0	"172032Z2"	0	1
"55134300"	"172032Z2"	1	0	0	0	"172032Z2"	0	1
"55134900"	"172032Z2"	1	0	0	0	"172032Z2"	0	1
"55132190"	"172032Z2"	1	0	0	0	"172032Z2"	0	1
"55131300"	"172032Z2"	1	0	0	0	"172032Z2"	0	1
"55141900"	"172032Z2"	1	0	0	0	"172032Z2"	0	1
"55132900"	"172032Z2"	1	0	0	0	"172032Z2"	0	1
"55133300"	"172032Z3"	1	0	0	0	"172032Z3"	0	1
"55133100"	"172032Z3"	1	0	0	0	"172032Z3"	0	1
"55143900"	"172032Z3"	1	0	0	0	"172032Z3"	0	1
"55143100"	"172032Z3"	1	0	0	0	"172032Z3"	0	1
"55143200"	"172032Z3"	1	0	0	0	"172032Z3"	0	1
"55133900"	"172032Z3"	1	0	0	0	"172032Z3"	0	1
"55143300"	"172032Z3"	1	0	0	0	"172032Z3"	0	1
"55133200"	"172032Z3"	1	0	0	0	"172032Z3"	0	1
"55159211"	"172032Z4"	1	0	0	0	"172032Z4"	0	1
"55159291"	"172032Z4"	1	0	0	0	"172032Z4"	0	1
"55152299"	"172032Z4"	1	0	0	0	"172032Z4"	0	1
"55159299"	"172032Z4"	1	0	0	0	"172032Z4"	0	1
"55159219"	"172032Z4"	1	0	0	0	"172032Z4"	0	1
"55151311"	"172032Z4"	1	0	0	0	"172032Z4"	0	1
"55151399"	"172032Z4"	1	0	0	0	"172032Z4"	0	1
"55152211"	"172032Z4"	1	0	0	0	"172032Z4"	0	1
"55151319"	"172032Z4"	1	0	0	0	"172032Z4"	0	1
"55152291"	"172032Z4"	1	0	0	0	"172032Z4"	0	1
"55152219"	"172032Z4"	1	0	0	0	"172032Z4"	0	1
"55151391"	"172032Z4"	1	0	0	0	"172032Z4"	0	1
"55152930"	"172032Z5"	1	0	0	0	"172032Z5"	0	1
"55151190"	"172032Z5"	1	0	0	0	"172032Z5"	0	1
"55151930"	"172032Z5"	1	0	0	0	"172032Z5"	0	1
"55152110"	"172032Z5"	1	0	0	0	"172032Z5"	0	1
"55159110"	"172032Z5"	1	0	0	0	"172032Z5"	0	1
"55151910"	"172032Z5"	1	0	0	0	"172032Z5"	0	1
"55151290"	"172032Z5"	1	0	0	0	"172032Z5"	0	1
"55152190"	"172032Z5"	1	0	0	0	"172032Z5"	0	1
"55151230"	"172032Z5"	1	0	0	0	"172032Z5"	0	1
"55152130"	"172032Z5"	1	0	0	0	"172032Z5"	0	1
"55151210"	"172032Z5"	1	0	0	0	"172032Z5"	0	1
"55159190"	"172032Z5"	1	0	0	0	"172032Z5"	0	1
"55159130"	"172032Z5"	1	0	0	0	"172032Z5"	0	1
"55152910"	"172032Z5"	1	0	0	0	"172032Z5"	0	1
"55151990"	"172032Z5"	1	0	0	0	"172032Z5"	0	1
"55151110"	"172032Z5"	1	0	0	0	"172032Z5"	0	1
"55159930"	"172032Z5"	1	0	0	0	"172032Z5"	0	1
"55159990"	"172032Z5"	1	0	0	0	"172032Z5"	0	1
"55151130"	"172032Z5"	1	0	0	0	"172032Z5"	0	1
"55159910"	"172032Z5"	1	0	0	0	"172032Z5"	0	1
"55152990"	"172032Z5"	1	0	0	0	"172032Z5"	0	1
"55161100"	"172033Z1"	1	0	0	0	"172033Z1"	0	1
"55164100"	"172033Z1"	1	0	0	0	"172033Z1"	0	1
"55163400"	"172033Z1"	1	0	0	0	"172033Z1"	0	1
"55163200"	"172033Z1"	1	0	0	0	"172033Z1"	0	1
"55161400"	"172033Z1"	1	0	0	0	"172033Z1"	0	1
"55164400"	"172033Z1"	1	0	0	0	"172033Z1"	0	1
"55162200"	"172033Z1"	1	0	0	0	"172033Z1"	0	1
"55162100"	"172033Z1"	1	0	0	0	"172033Z1"	0	1
"55161200"	"172033Z1"	1	0	0	0	"172033Z1"	0	1
"55164200"	"172033Z1"	1	0	0	0	"172033Z1"	0	1
"55169100"	"172033Z1"	1	0	0	0	"172033Z1"	0	1
"55169400"	"172033Z1"	1	0	0	0	"172033Z1"	0	1
"55169200"	"172033Z1"	1	0	0	0	"172033Z1"	0	1
"55162400"	"172033Z1"	1	0	0	0	"172033Z1"	0	1
"55163100"	"172033Z1"	1	0	0	0	"172033Z1"	0	1
"58021100"	"172040Q0"	0	0	1	0	"1556"	1	1
"58022000"	"172040Q0"	0	0	1	0	"1556"	1	1
"58021900"	"172040Q0"	0	0	1	0	"1556"	1	1
"63013090"	"174011Q0"	0	0	1	0	"1557"	1	1
"63012099"	"174011Q0"	0	0	1	0	"1557"	1	1
"63012010"	"174011Q0"	0	0	1	0	"1557"	1	1
"63019090"	"174011Q0"	0	0	1	0	"1557"	1	1
"63014010"	"174011Q0"	0	0	1	0	"1557"	1	1
"63013010"	"174011Q0"	0	0	1	0	"1557"	1	1
"63012091"	"174011Q0"	0	0	1	0	"1557"	1	1
"63019010"	"174011Q0"	0	0	1	0	"1557"	1	1
"63014090"	"174011Q0"	0	0	1	0	"1557"	1	1
"63022910"	"174012Q0"	0	0	1	0	"1558"	1	1
"63022100"	"174012Q0"	0	0	1	0	"1558"	1	1
"63023190"	"174012Q0"	0	0	1	0	"1558"	1	1
"63022990"	"174012Q0"	0	0	1	0	"1558"	1	1
"63023110"	"174012Q0"	0	0	1	0	"1558"	1	1
"63023290"	"174012Q0"	0	0	1	0	"1558"	1	1
"63023990"	"174012Q0"	0	0	1	0	"1558"	1	1
"63023930"	"174012Q0"	0	0	1	0	"1558"	1	1
"63022290"	"174012Q0"	0	0	1	0	"1558"	1	1
"63023910"	"174012Q0"	0	0	1	0	"1558"	1	1
"63025110"	"174013Q0"	0	0	1	0	"1559"	1	1
"63025390"	"174013Q0"	0	0	1	0	"1559"	1	1
"63025200"	"174013Q0"	0	0	1	0	"1559"	1	1
"63025310"	"174013Q0"	0	0	1	0	"1559"	1	1
"63025190"	"174013Q0"	0	0	1	0	"1559"	1	1
"63025900"	"174013Q0"	0	0	1	0	"1559"	1	1
"63024000"	"174013Q0"	0	0	1	0	"1559"	1	1
"63029390"	"174014Q0"	0	0	1	0	"1560"	1	1
"63029190"	"174014Q0"	0	0	1	0	"1560"	1	1
"63029200"	"174014Q0"	0	0	1	0	"1560"	1	1
"63029900"	"174014Q0"	0	0	1	0	"1560"	1	1
"63029110"	"174014Q0"	0	0	1	0	"1560"	1	1
"63029310"	"174014Q0"	0	0	1	0	"1560"	1	1
"63026000"	"174014Q0"	0	0	1	0	"1560"	1	1
"63039100"	"174015Q0"	0	0	1	0	"1561"	1	1
"63039290"	"174015Q0"	0	0	1	0	"1561"	1	1
"63039990"	"174015Q0"	0	0	1	0	"1561"	1	1
"63039210"	"174015Q0"	0	0	1	0	"1561"	1	1
"63039910"	"174015Q0"	0	0	1	0	"1561"	1	1
"63051010"	"174021Q1"	0	0	1	0	"1562"	1	1
"63053290"	"174021Q1"	0	0	1	0	"1562"	1	1
"63059000"	"174021Q1"	0	0	1	0	"1562"	1	1
"63052000"	"174021Q1"	0	0	1	0	"1562"	1	1
"63053900"	"174021Q1"	0	0	1	0	"1562"	1	1
"63051090"	"174021Q1"	0	0	1	0	"1562"	1	1
"63053399"	"174021Q2"	0	0	1	0	"1563"	1	1
"63053310"	"174021Q2"	0	0	1	0	"1563"	1	1
"63053391"	"174021Q2"	0	0	1	0	"1563"	1	1
"63053211"	"174021Q2"	0	0	1	0	"1563"	1	1
"63053289"	"174021Q2"	0	0	1	0	"1563"	1	1
"63053281"	"174021Q2"	0	0	1	0	"1563"	1	1
"56079090"	"175211Q1"	0	0	1	0	"1564"	1	1
"56074919"	"175211Q1"	0	0	1	0	"1564"	1	1
"56071000"	"175211Q1"	0	0	1	0	"1564"	1	1
"56075011"	"175211Q1"	0	0	1	0	"1564"	1	1
"56075030"	"175211Q1"	0	0	1	0	"1564"	1	1
"56075090"	"175211Q1"	0	0	1	0	"1564"	1	1
"56079010"	"175211Q1"	0	0	1	0	"1564"	1	1
"56074911"	"175211Q1"	0	0	1	0	"1564"	1	1
"56072990"	"175211Q1"	0	0	1	0	"1564"	1	1
"56075019"	"175211Q1"	0	0	1	0	"1564"	1	1
"56072910"	"175211Q1"	0	0	1	0	"1564"	1	1
"56074990"	"175211Q1"	0	0	1	0	"1564"	1	1
"56074100"	"175211Q2"	0	0	1	0	"1565"	1	1
"56072100"	"175211Q2"	0	0	1	0	"1565"	1	1
"56081111"	"175212Q0"	0	0	1	0	"1566"	1	1
"56081119"	"175212Q0"	0	0	1	0	"1566"	1	1
"56081199"	"175212Q0"	0	0	1	0	"1566"	1	1
"56081191"	"175212Q0"	0	0	1	0	"1566"	1	1
"61101210"	"177210Q1"	0	0	1	0	"1567"	1	1
"61101290"	"177210Q1"	0	0	1	0	"1567"	1	1
"61101990"	"177210Q1"	0	0	1	0	"1567"	1	1
"61101190"	"177210Q1"	0	0	1	0	"1567"	1	1
"61101110"	"177210Q1"	0	0	1	0	"1567"	1	1
"61101910"	"177210Q1"	0	0	1	0	"1567"	1	1
"61101130"	"177210Q1"	0	0	1	0	"1567"	1	1
"61102010"	"177210Q2"	0	0	1	0	"1568"	1	1
"61103010"	"177210Q2"	0	0	1	0	"1568"	1	1
"61109090"	"177210Q3"	0	0	1	0	"1569"	1	1
"61103099"	"177210Q3"	0	0	1	0	"1569"	1	1
"61102099"	"177210Q3"	0	0	1	0	"1569"	1	1
"61103091"	"177210Q3"	0	0	1	0	"1569"	1	1
"61109010"	"177210Q3"	0	0	1	0	"1569"	1	1
"61102091"	"177210Q3"	0	0	1	0	"1569"	1	1
"62032210"	"182111Q1"	0	0	1	0	"1570"	1	1
"62032911"	"182111Q1"	0	0	1	0	"1570"	1	1
"62032310"	"182111Q1"	0	0	1	0	"1570"	1	1
"62033911"	"182111Q2"	0	0	1	0	"1571"	1	1
"62033210"	"182111Q2"	0	0	1	0	"1571"	1	1
"62033310"	"182111Q2"	0	0	1	0	"1571"	1	1
"62034331"	"182112Q0"	0	0	1	0	"1572"	1	1
"62034251"	"182112Q0"	0	0	1	0	"1572"	1	1
"62034931"	"182112Q0"	0	0	1	0	"1572"	1	1
"62034911"	"182112Q0"	0	0	1	0	"1572"	1	1
"62034211"	"182112Q0"	0	0	1	0	"1572"	1	1
"62034311"	"182112Q0"	0	0	1	0	"1572"	1	1
"62042310"	"182121Q1"	0	0	1	0	"1573"	1	1
"62042210"	"182121Q1"	0	0	1	0	"1573"	1	1
"62042911"	"182121Q1"	0	0	1	0	"1573"	1	1
"62043210"	"182121Q2"	0	0	1	0	"1574"	1	1
"62043310"	"182121Q2"	0	0	1	0	"1574"	1	1
"62043911"	"182121Q2"	0	0	1	0	"1574"	1	1
"62046931"	"182122Q0"	0	0	1	0	"1575"	1	1
"62046331"	"182122Q0"	0	0	1	0	"1575"	1	1
"62046251"	"182122Q0"	0	0	1	0	"1575"	1	1
"62046211"	"182122Q0"	0	0	1	0	"1575"	1	1
"62046911"	"182122Q0"	0	0	1	0	"1575"	1	1
"62046311"	"182122Q0"	0	0	1	0	"1575"	1	1
"62011310"	"182221Q1"	0	0	1	0	"1576"	1	1
"62011100"	"182221Q1"	0	0	1	0	"1576"	1	1
"62011900"	"182221Q1"	0	0	1	0	"1576"	1	1
"62011290"	"182221Q1"	0	0	1	0	"1576"	1	1
"62011210"	"182221Q1"	0	0	1	0	"1576"	1	1
"62011390"	"182221Q1"	0	0	1	0	"1576"	1	1
"62019200"	"182221Q2"	0	0	1	0	"1577"	1	1
"62019100"	"182221Q2"	0	0	1	0	"1577"	1	1
"62019900"	"182221Q2"	0	0	1	0	"1577"	1	1
"62019300"	"182221Q2"	0	0	1	0	"1577"	1	1
"62031990"	"182222Q0"	0	0	1	0	"1578"	1	1
"62031100"	"182222Q0"	0	0	1	0	"1578"	1	1
"62032280"	"182222Q0"	0	0	1	0	"1578"	1	1
"62032918"	"182222Q0"	0	0	1	0	"1578"	1	1
"62032990"	"182222Q0"	0	0	1	0	"1578"	1	1
"62031930"	"182222Q0"	0	0	1	0	"1578"	1	1
"62032380"	"182222Q0"	0	0	1	0	"1578"	1	1
"62031910"	"182222Q0"	0	0	1	0	"1578"	1	1
"62031200"	"182222Q0"	0	0	1	0	"1578"	1	1
"62032100"	"182222Q0"	0	0	1	0	"1578"	1	1
"62033990"	"182223Q0"	0	0	1	0	"1579"	1	1
"62033100"	"182223Q0"	0	0	1	0	"1579"	1	1
"62033919"	"182223Q0"	0	0	1	0	"1579"	1	1
"62033290"	"182223Q0"	0	0	1	0	"1579"	1	1
"62033390"	"182223Q0"	0	0	1	0	"1579"	1	1
"62034290"	"182224Q0"	0	0	1	0	"1580"	1	1
"62034939"	"182224Q0"	0	0	1	0	"1580"	1	1
"62034390"	"182224Q0"	0	0	1	0	"1580"	1	1
"62034110"	"182224Q0"	0	0	1	0	"1580"	1	1
"62034950"	"182224Q0"	0	0	1	0	"1580"	1	1
"62034190"	"182224Q0"	0	0	1	0	"1580"	1	1
"62034233"	"182224Q0"	0	0	1	0	"1580"	1	1
"62034919"	"182224Q0"	0	0	1	0	"1580"	1	1
"62034231"	"182224Q0"	0	0	1	0	"1580"	1	1
"62034130"	"182224Q0"	0	0	1	0	"1580"	1	1
"62034319"	"182224Q0"	0	0	1	0	"1580"	1	1
"62034339"	"182224Q0"	0	0	1	0	"1580"	1	1
"62034235"	"182224Q0"	0	0	1	0	"1580"	1	1
"62034259"	"182224Q0"	0	0	1	0	"1580"	1	1
"62034990"	"182224Q0"	0	0	1	0	"1580"	1	1
"62021100"	"182231Q1"	0	0	1	0	"1581"	1	1
"62021210"	"182231Q1"	0	0	1	0	"1581"	1	1
"62021390"	"182231Q1"	0	0	1	0	"1581"	1	1
"62021900"	"182231Q1"	0	0	1	0	"1581"	1	1
"62021310"	"182231Q1"	0	0	1	0	"1581"	1	1
"62021290"	"182231Q1"	0	0	1	0	"1581"	1	1
"62029200"	"182231Q2"	0	0	1	0	"1582"	1	1
"62029100"	"182231Q2"	0	0	1	0	"1582"	1	1
"62029900"	"182231Q2"	0	0	1	0	"1582"	1	1
"62029300"	"182231Q2"	0	0	1	0	"1582"	1	1
"62041910"	"182232Q0"	0	0	1	0	"1583"	1	1
"62041100"	"182232Q0"	0	0	1	0	"1583"	1	1
"62042918"	"182232Q0"	0	0	1	0	"1583"	1	1
"62041200"	"182232Q0"	0	0	1	0	"1583"	1	1
"62042380"	"182232Q0"	0	0	1	0	"1583"	1	1
"62042100"	"182232Q0"	0	0	1	0	"1583"	1	1
"62041990"	"182232Q0"	0	0	1	0	"1583"	1	1
"62042990"	"182232Q0"	0	0	1	0	"1583"	1	1
"62041300"	"182232Q0"	0	0	1	0	"1583"	1	1
"62042280"	"182232Q0"	0	0	1	0	"1583"	1	1
"62043100"	"182233Q0"	0	0	1	0	"1584"	1	1
"62043990"	"182233Q0"	0	0	1	0	"1584"	1	1
"62043919"	"182233Q0"	0	0	1	0	"1584"	1	1
"62043390"	"182233Q0"	0	0	1	0	"1584"	1	1
"62043290"	"182233Q0"	0	0	1	0	"1584"	1	1
"62044990"	"182234Q1"	0	0	1	0	"1585"	1	1
"62044300"	"182234Q1"	0	0	1	0	"1585"	1	1
"62044100"	"182234Q1"	0	0	1	0	"1585"	1	1
"62044200"	"182234Q1"	0	0	1	0	"1585"	1	1
"62044910"	"182234Q1"	0	0	1	0	"1585"	1	1
"62044400"	"182234Q1"	0	0	1	0	"1585"	1	1
"62045100"	"182234Q2"	0	0	1	0	"1586"	1	1
"62045990"	"182234Q2"	0	0	1	0	"1586"	1	1
"62045910"	"182234Q2"	0	0	1	0	"1586"	1	1
"62045300"	"182234Q2"	0	0	1	0	"1586"	1	1
"62045200"	"182234Q2"	0	0	1	0	"1586"	1	1
"62046918"	"182235Q0"	0	0	1	0	"1587"	1	1
"62046239"	"182235Q0"	0	0	1	0	"1587"	1	1
"62046233"	"182235Q0"	0	0	1	0	"1587"	1	1
"62046939"	"182235Q0"	0	0	1	0	"1587"	1	1
"62046950"	"182235Q0"	0	0	1	0	"1587"	1	1
"62046390"	"182235Q0"	0	0	1	0	"1587"	1	1
"62046190"	"182235Q0"	0	0	1	0	"1587"	1	1
"62046339"	"182235Q0"	0	0	1	0	"1587"	1	1
"62046290"	"182235Q0"	0	0	1	0	"1587"	1	1
"62046110"	"182235Q0"	0	0	1	0	"1587"	1	1
"62046990"	"182235Q0"	0	0	1	0	"1587"	1	1
"62046259"	"182235Q0"	0	0	1	0	"1587"	1	1
"62046231"	"182235Q0"	0	0	1	0	"1587"	1	1
"62046318"	"182235Q0"	0	0	1	0	"1587"	1	1
"62046180"	"182235Q0"	0	0	1	0	"1587"	1	1
"62052000"	"182321Q0"	0	0	1	0	"1588"	1	1
"62053000"	"182321Q0"	0	0	1	0	"1588"	1	1
"62051000"	"182321Q0"	0	0	1	0	"1588"	1	1
"62059090"	"182321Q0"	0	0	1	0	"1588"	1	1
"62059010"	"182321Q0"	0	0	1	0	"1588"	1	1
"62071100"	"182322Q0"	0	0	1	0	"1589"	1	1
"62072900"	"182322Q0"	0	0	1	0	"1589"	1	1
"62079200"	"182322Q0"	0	0	1	0	"1589"	1	1
"62079900"	"182322Q0"	0	0	1	0	"1589"	1	1
"62079190"	"182322Q0"	0	0	1	0	"1589"	1	1
"62079110"	"182322Q0"	0	0	1	0	"1589"	1	1
"62071900"	"182322Q0"	0	0	1	0	"1589"	1	1
"62072100"	"182322Q0"	0	0	1	0	"1589"	1	1
"62072200"	"182322Q0"	0	0	1	0	"1589"	1	1
"62069010"	"182323Q0"	0	0	1	0	"1590"	1	1
"62064000"	"182323Q0"	0	0	1	0	"1590"	1	1
"62061000"	"182323Q0"	0	0	1	0	"1590"	1	1
"62062000"	"182323Q0"	0	0	1	0	"1590"	1	1
"62063000"	"182323Q0"	0	0	1	0	"1590"	1	1
"62069090"	"182323Q0"	0	0	1	0	"1590"	1	1
"62082100"	"182324Q0"	0	0	1	0	"1591"	1	1
"62082200"	"182324Q0"	0	0	1	0	"1591"	1	1
"62081910"	"182324Q0"	0	0	1	0	"1591"	1	1
"62089111"	"182324Q0"	0	0	1	0	"1591"	1	1
"62081990"	"182324Q0"	0	0	1	0	"1591"	1	1
"62082900"	"182324Q0"	0	0	1	0	"1591"	1	1
"62089900"	"182324Q0"	0	0	1	0	"1591"	1	1
"62089200"	"182324Q0"	0	0	1	0	"1591"	1	1
"62081100"	"182324Q0"	0	0	1	0	"1591"	1	1
"62089190"	"182324Q0"	0	0	1	0	"1591"	1	1
"62089119"	"182324Q0"	0	0	1	0	"1591"	1	1
"61099010"	"182330Q0"	0	0	1	0	"1592"	1	1
"61091000"	"182330Q0"	0	0	1	0	"1592"	1	1
"61099090"	"182330Q0"	0	0	1	0	"1592"	1	1
"61099030"	"182330Q0"	0	0	1	0	"1592"	1	1
"61124110"	"182412Q0"	0	0	1	0	"1593"	1	1
"61123110"	"182412Q0"	0	0	1	0	"1593"	1	1
"61123990"	"182412Q0"	0	0	1	0	"1593"	1	1
"61124910"	"182412Q0"	0	0	1	0	"1593"	1	1
"61123910"	"182412Q0"	0	0	1	0	"1593"	1	1
"61124990"	"182412Q0"	0	0	1	0	"1593"	1	1
"61123190"	"182412Q0"	0	0	1	0	"1593"	1	1
"61124190"	"182412Q0"	0	0	1	0	"1593"	1	1
"61169900"	"182413Q0"	0	0	1	0	"1594"	1	1
"61169200"	"182413Q0"	0	0	1	0	"1594"	1	1
"61169100"	"182413Q0"	0	0	1	0	"1594"	1	1
"61161020"	"182413Q0"	0	0	1	0	"1594"	1	1
"61169300"	"182413Q0"	0	0	1	0	"1594"	1	1
"61161080"	"182413Q0"	0	0	1	0	"1594"	1	1
"61172000"	"182414Q0"	0	0	1	0	"1595"	1	1
"61178090"	"182414Q0"	0	0	1	0	"1595"	1	1
"61171000"	"182414Q0"	0	0	1	0	"1595"	1	1
"61178010"	"182414Q0"	0	0	1	0	"1595"	1	1
"61179000"	"182414Q0"	0	0	1	0	"1595"	1	1
"64023000"	"193031Z1"	0	0	0	1	"193031Z1"	0	1
"49019900"	"221121Z1"	0	0	0	1	"221121Z1"	0	1
"27101971"	"232000E1"	0	0	1	0	"1596"	1	1
"27101951"	"232000E1"	0	0	1	0	"1596"	1	1
"27111310"	"232000E1"	0	0	1	0	"1596"	1	1
"27101911"	"232000E1"	0	0	1	0	"1596"	1	1
"27101931"	"232000E1"	0	0	1	0	"1596"	1	1
"27111291"	"232000E1"	0	0	1	0	"1596"	1	1
"27101111"	"232000E1"	0	0	1	0	"1596"	1	1
"27101945"	"232015Z1"	0	0	1	0	"1597"	1	1
"27101949"	"232015Z1"	0	0	1	0	"1597"	1	1
"27101941"	"232015Z1"	0	0	1	0	"1597"	1	1
"38081090"	"242011Z2"	0	0	0	1	"242011Z2"	0	1
"38089090"	"242015Z2"	1	0	0	0	"242015Z2"	0	1
"38089010"	"242015Z2"	1	0	0	0	"242015Z2"	0	1
"38249085"	"246648Z1"	0	0	1	0	"1598"	1	1
"38249099"	"246648Z1"	0	0	1	0	"1598"	1	1
"38249075"	"246648Z1"	0	0	1	0	"1598"	1	1
"38249080"	"246648Z1"	0	0	1	0	"1598"	1	1
"54023100"	"247012Q0"	0	0	1	0	"1599"	1	1
"54023910"	"247012Q0"	0	0	1	0	"1599"	1	1
"54021090"	"247012Q0"	0	0	1	0	"1599"	1	1
"54021010"	"247012Q0"	0	0	1	0	"1599"	1	1
"54023200"	"247012Q0"	0	0	1	0	"1599"	1	1
"54022000"	"247012Q0"	0	0	1	0	"1599"	1	1
"54023990"	"247012Q0"	0	0	1	0	"1599"	1	1
"54023300"	"247012Q0"	0	0	1	0	"1599"	1	1
"54025910"	"247013Q0"	0	0	1	0	"1600"	1	1
"54025100"	"247013Q0"	0	0	1	0	"1600"	1	1
"54024300"	"247013Q0"	0	0	1	0	"1600"	1	1
"54025990"	"247013Q0"	0	0	1	0	"1600"	1	1
"54024100"	"247013Q0"	0	0	1	0	"1600"	1	1
"54025200"	"247013Q0"	0	0	1	0	"1600"	1	1
"54024991"	"247013Q0"	0	0	1	0	"1600"	1	1
"54024999"	"247013Q0"	0	0	1	0	"1600"	1	1
"54024200"	"247013Q0"	0	0	1	0	"1600"	1	1
"54024910"	"247013Q0"	0	0	1	0	"1600"	1	1
"54032000"	"247022Q0"	0	0	1	0	"1601"	1	1
"54033900"	"247022Q0"	0	0	1	0	"1601"	1	1
"54031000"	"247022Q0"	0	0	1	0	"1601"	1	1
"54033200"	"247022Q0"	0	0	1	0	"1601"	1	1
"54033300"	"247022Q0"	0	0	1	0	"1601"	1	1
"54033100"	"247022Q0"	0	0	1	0	"1601"	1	1
"39207110"	"252130Z0"	0	0	0	1	"252130Z0"	0	1
"70133999"	"261313Z0"	1	0	0	0	"261313Z0"	0	1
"70133991"	"261313Z0"	1	0	0	0	"261313Z0"	0	1
"70139900"	"261313Z0"	1	0	0	0	"261313Z0"	0	1
"70133910"	"261313Z0"	1	0	0	0	"261313Z0"	0	1
"68109900"	"266013Z1"	0	0	0	1	"266013Z1"	0	1
"72072051"	"271031Z0"	0	0	1	0	"1602"	1	1
"72071914"	"271031Z0"	0	0	1	0	"1602"	1	1
"72071916"	"271031Z0"	0	0	1	0	"1602"	1	1
"72072071"	"271031Z0"	0	0	1	0	"1602"	1	1
"72061000"	"271031Z0"	0	0	1	0	"1602"	1	1
"72071990"	"271031Z0"	0	0	1	0	"1602"	1	1
"72072017"	"271031Z0"	0	0	1	0	"1602"	1	1
"72072011"	"271031Z0"	0	0	1	0	"1602"	1	1
"72071190"	"271031Z0"	0	0	1	0	"1602"	1	1
"72071290"	"271031Z0"	0	0	1	0	"1602"	1	1
"72072055"	"271031Z0"	0	0	1	0	"1602"	1	1
"72072057"	"271031Z0"	0	0	1	0	"1602"	1	1
"72071931"	"271031Z0"	0	0	1	0	"1602"	1	1
"72069000"	"271031Z0"	0	0	1	0	"1602"	1	1
"72072079"	"271031Z0"	0	0	1	0	"1602"	1	1
"72071111"	"271031Z0"	0	0	1	0	"1602"	1	1
"72071911"	"271031Z0"	0	0	1	0	"1602"	1	1
"72071116"	"271031Z0"	0	0	1	0	"1602"	1	1
"72072015"	"271031Z0"	0	0	1	0	"1602"	1	1
"72071114"	"271031Z0"	0	0	1	0	"1602"	1	1
"72071919"	"271031Z0"	0	0	1	0	"1602"	1	1
"72071939"	"271031Z0"	0	0	1	0	"1602"	1	1
"72072059"	"271031Z0"	0	0	1	0	"1602"	1	1
"72072090"	"271031Z0"	0	0	1	0	"1602"	1	1
"72072039"	"271031Z0"	0	0	1	0	"1602"	1	1
"72072019"	"271031Z0"	0	0	1	0	"1602"	1	1
"72189999"	"271032Z0"	0	0	1	0	"1603"	1	1
"72189919"	"271032Z0"	0	0	1	0	"1603"	1	1
"72189911"	"271032Z0"	0	0	1	0	"1603"	1	1
"72189920"	"271032Z0"	0	0	1	0	"1603"	1	1
"72181000"	"271032Z0"	0	0	1	0	"1603"	1	1
"72189991"	"271032Z0"	0	0	1	0	"1603"	1	1
"72189190"	"271032Z0"	0	0	1	0	"1603"	1	1
"72249031"	"271033Z0"	1	0	0	0	"271033Z0"	0	1
"72249091"	"271033Z0"	1	0	0	0	"271033Z0"	0	1
"72249001"	"271033Z0"	1	0	0	0	"271033Z0"	0	1
"72249005"	"271033Z0"	1	0	0	0	"271033Z0"	0	1
"72241000"	"271033Z0"	1	0	0	0	"271033Z0"	0	1
"72249039"	"271033Z0"	1	0	0	0	"271033Z0"	0	1
"72249019"	"271033Z0"	1	0	0	0	"271033Z0"	0	1
"72249008"	"271033Z0"	1	0	0	0	"271033Z0"	0	1
"72249099"	"271033Z0"	1	0	0	0	"271033Z0"	0	1
"72191100"	"271041Z5"	1	0	0	0	"271041Z5"	0	1
"72191390"	"271041Z5"	1	0	0	0	"271041Z5"	0	1
"72191210"	"271041Z5"	1	0	0	0	"271041Z5"	0	1
"72191490"	"271041Z5"	1	0	0	0	"271041Z5"	0	1
"72191290"	"271041Z5"	1	0	0	0	"271041Z5"	0	1
"72191310"	"271041Z5"	1	0	0	0	"271041Z5"	0	1
"72191410"	"271041Z5"	1	0	0	0	"271041Z5"	0	1
"72201200"	"271041Z6"	1	0	0	0	"271041Z6"	0	1
"72201100"	"271041Z6"	1	0	0	0	"271041Z6"	0	1
"72255000"	"271071Z0"	1	0	0	0	"271071Z0"	0	1
"72091690"	"271071Z0"	1	0	0	0	"271071Z0"	0	1
"72099010"	"271071Z0"	1	0	0	0	"271071Z0"	0	1
"72091899"	"271071Z0"	1	0	0	0	"271071Z0"	0	1
"72092790"	"271071Z0"	1	0	0	0	"271071Z0"	0	1
"72091790"	"271071Z0"	1	0	0	0	"271071Z0"	0	1
"72092890"	"271071Z0"	1	0	0	0	"271071Z0"	0	1
"72092690"	"271071Z0"	1	0	0	0	"271071Z0"	0	1
"72091891"	"271071Z0"	1	0	0	0	"271071Z0"	0	1
"72092500"	"271071Z0"	1	0	0	0	"271071Z0"	0	1
"72099090"	"271071Z0"	1	0	0	0	"271071Z0"	0	1
"72091500"	"271071Z0"	1	0	0	0	"271071Z0"	0	1
"72254020"	"2710T222"	0	0	1	0	"1604"	1	1
"72192110"	"2710T222"	0	0	1	0	"1604"	1	1
"72085199"	"2710T222"	0	0	1	0	"1604"	1	1
"72259910"	"2710T222"	0	0	1	0	"1604"	1	1
"72111300"	"2710T222"	0	0	1	0	"1604"	1	1
"72089090"	"2710T222"	0	0	1	0	"1604"	1	1
"72259990"	"2710T222"	0	0	1	0	"1604"	1	1
"72085299"	"2710T222"	0	0	1	0	"1604"	1	1
"72085191"	"2710T222"	0	0	1	0	"1604"	1	1
"72192190"	"2710T222"	0	0	1	0	"1604"	1	1
"72085210"	"2710T222"	0	0	1	0	"1604"	1	1
"72085310"	"2710T222"	0	0	1	0	"1604"	1	1
"72085110"	"2710T222"	0	0	1	0	"1604"	1	1
"72085130"	"2710T222"	0	0	1	0	"1604"	1	1
"72109031"	"2710T222"	0	0	1	0	"1604"	1	1
"72085291"	"2710T222"	0	0	1	0	"1604"	1	1
"72085150"	"2710T222"	0	0	1	0	"1604"	1	1
"72254050"	"2710T222"	0	0	1	0	"1604"	1	1
"72089010"	"2710T222"	0	0	1	0	"1604"	1	1
"72131000"	"2710T231"	0	0	1	0	"1605"	1	1
"72139141"	"2710T231"	0	0	1	0	"1605"	1	1
"72210090"	"2710T231"	0	0	1	0	"1605"	1	1
"72139170"	"2710T231"	0	0	1	0	"1605"	1	1
"72272000"	"2710T231"	0	0	1	0	"1605"	1	1
"72139990"	"2710T231"	0	0	1	0	"1605"	1	1
"72279095"	"2710T231"	0	0	1	0	"1605"	1	1
"72139190"	"2710T231"	0	0	1	0	"1605"	1	1
"72139110"	"2710T231"	0	0	1	0	"1605"	1	1
"72139120"	"2710T231"	0	0	1	0	"1605"	1	1
"72132000"	"2710T231"	0	0	1	0	"1605"	1	1
"72139149"	"2710T231"	0	0	1	0	"1605"	1	1
"72139910"	"2710T231"	0	0	1	0	"1605"	1	1
"72279010"	"2710T231"	0	0	1	0	"1605"	1	1
"72210010"	"2710T231"	0	0	1	0	"1605"	1	1
"72142000"	"2710T241"	0	0	1	0	"1611"	1	1
"72149910"	"2710T241"	0	0	1	0	"1611"	1	1
"72221129"	"2710T242"	0	0	1	0	"1606"	1	1
"72149961"	"2710T242"	0	0	1	0	"1606"	1	1
"72283070"	"2710T242"	0	0	1	0	"1606"	1	1
"72149939"	"2710T242"	0	0	1	0	"1606"	1	1
"72149190"	"2710T242"	0	0	1	0	"1606"	1	1
"72283020"	"2710T242"	0	0	1	0	"1606"	1	1
"72223010"	"2710T242"	0	0	1	0	"1606"	1	1
"72283061"	"2710T242"	0	0	1	0	"1606"	1	1
"72149980"	"2710T242"	0	0	1	0	"1606"	1	1
"72221910"	"2710T242"	0	0	1	0	"1606"	1	1
"72283089"	"2710T242"	0	0	1	0	"1606"	1	1
"72143000"	"2710T242"	0	0	1	0	"1606"	1	1
"72221199"	"2710T242"	0	0	1	0	"1606"	1	1
"72149990"	"2710T242"	0	0	1	0	"1606"	1	1
"72283049"	"2710T242"	0	0	1	0	"1606"	1	1
"72283069"	"2710T242"	0	0	1	0	"1606"	1	1
"72284010"	"2710T242"	0	0	1	0	"1606"	1	1
"72288010"	"2710T242"	0	0	1	0	"1606"	1	1
"72282030"	"2710T242"	0	0	1	0	"1606"	1	1
"72159010"	"2710T242"	0	0	1	0	"1606"	1	1
"72224010"	"2710T242"	0	0	1	0	"1606"	1	1
"72149110"	"2710T242"	0	0	1	0	"1606"	1	1
"72282019"	"2710T242"	0	0	1	0	"1606"	1	1
"72286010"	"2710T242"	0	0	1	0	"1606"	1	1
"72282011"	"2710T242"	0	0	1	0	"1606"	1	1
"72149931"	"2710T242"	0	0	1	0	"1606"	1	1
"72284090"	"2710T242"	0	0	1	0	"1606"	1	1
"72141000"	"2710T242"	0	0	1	0	"1606"	1	1
"72221990"	"2710T242"	0	0	1	0	"1606"	1	1
"72149969"	"2710T242"	0	0	1	0	"1606"	1	1
"72283041"	"2710T242"	0	0	1	0	"1606"	1	1
"72224030"	"2710T242"	0	0	1	0	"1606"	1	1
"72149950"	"2710T242"	0	0	1	0	"1606"	1	1
"72221111"	"2710T242"	0	0	1	0	"1606"	1	1
"72221121"	"2710T242"	0	0	1	0	"1606"	1	1
"72288090"	"2710T242"	0	0	1	0	"1606"	1	1
"72221191"	"2710T242"	0	0	1	0	"1606"	1	1
"72286081"	"2710T242"	0	0	1	0	"1606"	1	1
"72221119"	"2710T242"	0	0	1	0	"1606"	1	1
"72162100"	"2710T243"	0	0	1	0	"1612"	1	1
"72164010"	"2710T243"	0	0	1	0	"1612"	1	1
"72287031"	"2710T243"	0	0	1	0	"1612"	1	1
"72169910"	"2710T243"	0	0	1	0	"1612"	1	1
"72164090"	"2710T243"	0	0	1	0	"1612"	1	1
"72287010"	"2710T243"	0	0	1	0	"1612"	1	1
"72162200"	"2710T243"	0	0	1	0	"1612"	1	1
"72165099"	"2710T243"	0	0	1	0	"1612"	1	1
"72161000"	"2710T243"	0	0	1	0	"1612"	1	1
"72165091"	"2710T243"	0	0	1	0	"1612"	1	1
"72165010"	"2710T243"	0	0	1	0	"1612"	1	1
"72169990"	"2710T243"	0	0	1	0	"1612"	1	1
"72163299"	"2710T244"	0	0	1	0	"1613"	1	1
"72163111"	"2710T244"	0	0	1	0	"1613"	1	1
"72163291"	"2710T244"	0	0	1	0	"1613"	1	1
"72163119"	"2710T244"	0	0	1	0	"1613"	1	1
"72163219"	"2710T244"	0	0	1	0	"1613"	1	1
"72163390"	"2710T244"	0	0	1	0	"1613"	1	1
"72163211"	"2710T244"	0	0	1	0	"1613"	1	1
"72163191"	"2710T244"	0	0	1	0	"1613"	1	1
"72163199"	"2710T244"	0	0	1	0	"1613"	1	1
"72163310"	"2710T244"	0	0	1	0	"1613"	1	1
"73011000"	"2710T251"	0	1	0	0	"1"	1	1
"73024010"	"2710T252"	0	0	1	0	"1614"	1	1
"73021010"	"2710T252"	0	0	1	0	"1614"	1	1
"73021090"	"2710T252"	0	0	1	0	"1614"	1	1
"73024090"	"2710T252"	0	0	1	0	"1614"	1	1
"73021039"	"2710T252"	0	0	1	0	"1614"	1	1
"73029020"	"2710T252"	0	0	1	0	"1614"	1	1
"73029030"	"2710T252"	0	0	1	0	"1614"	1	1
"73023000"	"2710T252"	0	0	1	0	"1614"	1	1
"73021031"	"2710T252"	0	0	1	0	"1614"	1	1
"73029090"	"2710T252"	0	0	1	0	"1614"	1	1
"73012000"	"2710T260"	0	1	0	0	"2"	1	1
"72101290"	"2710T330"	0	0	1	0	"1607"	1	1
"72124095"	"2710T330"	0	0	1	0	"1607"	1	1
"72101219"	"2710T330"	0	0	1	0	"1607"	1	1
"72101190"	"2710T330"	0	0	1	0	"1607"	1	1
"72107031"	"2710T330"	0	0	1	0	"1607"	1	1
"72101211"	"2710T330"	0	0	1	0	"1607"	1	1
"72124010"	"2710T330"	0	0	1	0	"1607"	1	1
"72101110"	"2710T330"	0	0	1	0	"1607"	1	1
"72105010"	"2710T330"	0	0	1	0	"1607"	1	1
"72121010"	"2710T330"	0	0	1	0	"1607"	1	1
"72109033"	"2710T330"	0	0	1	0	"1607"	1	1
"72105090"	"2710T330"	0	0	1	0	"1607"	1	1
"72106110"	"2710T340"	0	0	1	0	"1608"	1	1
"72106190"	"2710T340"	0	0	1	0	"1608"	1	1
"72259290"	"2710T340"	0	0	1	0	"1608"	1	1
"72109010"	"2710T340"	0	0	1	0	"1608"	1	1
"72106990"	"2710T340"	0	0	1	0	"1608"	1	1
"72104110"	"2710T340"	0	0	1	0	"1608"	1	1
"72104990"	"2710T340"	0	0	1	0	"1608"	1	1
"72102010"	"2710T340"	0	0	1	0	"1608"	1	1
"72104190"	"2710T340"	0	0	1	0	"1608"	1	1
"72109038"	"2710T340"	0	0	1	0	"1608"	1	1
"72259210"	"2710T340"	0	0	1	0	"1608"	1	1
"72104910"	"2710T340"	0	0	1	0	"1608"	1	1
"72109090"	"2710T340"	0	0	1	0	"1608"	1	1
"72106910"	"2710T340"	0	0	1	0	"1608"	1	1
"72102090"	"2710T340"	0	0	1	0	"1608"	1	1
"72103010"	"2710T350"	0	0	1	0	"1609"	1	1
"72103090"	"2710T350"	0	0	1	0	"1609"	1	1
"72259110"	"2710T350"	0	0	1	0	"1609"	1	1
"72259190"	"2710T350"	0	0	1	0	"1609"	1	1
"72107090"	"2710T360"	0	0	1	0	"1610"	1	1
"72107039"	"2710T360"	0	0	1	0	"1610"	1	1
"72112920"	"273210Z5"	1	0	0	0	"273210Z5"	0	1
"72262080"	"273210Z5"	1	0	0	0	"273210Z5"	0	1
"72119019"	"273210Z5"	1	0	0	0	"273210Z5"	0	1
"72119011"	"273210Z5"	1	0	0	0	"273210Z5"	0	1
"72112399"	"273210Z5"	1	0	0	0	"273210Z5"	0	1
"72112351"	"273210Z5"	1	0	0	0	"273210Z5"	0	1
"72269210"	"273210Z5"	1	0	0	0	"273210Z5"	0	1
"72112310"	"273210Z5"	1	0	0	0	"273210Z5"	0	1
"72269290"	"273210Z5"	1	0	0	0	"273210Z5"	0	1
"72112950"	"273210Z5"	1	0	0	0	"273210Z5"	0	1
"72119090"	"273210Z5"	1	0	0	0	"273210Z5"	0	1
"72112990"	"273210Z5"	1	0	0	0	"273210Z5"	0	1
"72202031"	"273210Z6"	1	0	0	0	"273210Z6"	0	1
"72209090"	"273210Z6"	1	0	0	0	"273210Z6"	0	1
"72209019"	"273210Z6"	1	0	0	0	"273210Z6"	0	1
"72202059"	"273210Z6"	1	0	0	0	"273210Z6"	0	1
"72202051"	"273210Z6"	1	0	0	0	"273210Z6"	0	1
"72202010"	"273210Z6"	1	0	0	0	"273210Z6"	0	1
"72202099"	"273210Z6"	1	0	0	0	"273210Z6"	0	1
"72202039"	"273210Z6"	1	0	0	0	"273210Z6"	0	1
"72209011"	"273210Z6"	1	0	0	0	"273210Z6"	0	1
"72209039"	"273210Z6"	1	0	0	0	"273210Z6"	0	1
"72202091"	"273210Z6"	1	0	0	0	"273210Z6"	0	1
"72121091"	"273210Z7"	1	0	0	0	"273210Z7"	0	1
"72125099"	"273210Z7"	1	0	0	0	"273210Z7"	0	1
"72123090"	"273210Z7"	1	0	0	0	"273210Z7"	0	1
"72121099"	"273210Z7"	1	0	0	0	"273210Z7"	0	1
"72125031"	"273210Z7"	1	0	0	0	"273210Z7"	0	1
"72125051"	"273210Z7"	1	0	0	0	"273210Z7"	0	1
"72122019"	"273210Z7"	1	0	0	0	"273210Z7"	0	1
"72125093"	"273210Z7"	1	0	0	0	"273210Z7"	0	1
"72125091"	"273210Z7"	1	0	0	0	"273210Z7"	0	1
"72122011"	"273210Z7"	1	0	0	0	"273210Z7"	0	1
"72123019"	"273210Z7"	1	0	0	0	"273210Z7"	0	1
"72269380"	"273210Z7"	1	0	0	0	"273210Z7"	0	1
"72269480"	"273210Z7"	1	0	0	0	"273210Z7"	0	1
"72125058"	"273210Z7"	1	0	0	0	"273210Z7"	0	1
"72125097"	"273210Z7"	1	0	0	0	"273210Z7"	0	1
"72121093"	"273210Z7"	1	0	0	0	"273210Z7"	0	1
"72269980"	"273210Z7"	1	0	0	0	"273210Z7"	0	1
"72122090"	"273210Z7"	1	0	0	0	"273210Z7"	0	1
"72123011"	"273210Z7"	1	0	0	0	"273210Z7"	0	1
"72125075"	"273210Z7"	1	0	0	0	"273210Z7"	0	1
"72125010"	"273210Z7"	1	0	0	0	"273210Z7"	0	1
"72124091"	"273210Z8"	0	0	1	0	"1607"	1	1
"72124098"	"273210Z8"	0	0	1	0	"1607"	1	1
"72124095"	"273210Z8"	0	0	1	0	"1607"	1	1
"72124093"	"273210Z8"	0	0	1	0	"1607"	1	1
"84629990"	"294234Z0"	1	0	0	0	"294234Z0"	0	1
"84629190"	"294234Z0"	1	0	0	0	"294234Z0"	0	1
"89011010"	"351121Z1"	0	0	0	1	"351121Z1"	0	1
"89012010"	"351122Z1"	0	0	0	1	"351122Z1"	0	1
"89019010"	"351124Z1"	0	0	0	1	"351124Z1"	0	1
"89059010"	"351133Z1"	0	0	0	1	"351133Z1"	0	1
"94060090"	"399900Z0"	0	0	0	1	"399900Z0"	0	1
"27160000"	"401110Z1"	0	0	0	1	"401110Z1"	0	1
"27050000"	"402110Z1"	0	0	0	1	"402110Z1"	0	1
""	"15139000"					""		2
""	"15339000"					""		2
""	"15515243"					""		2
""	"15515247"					""		2
""	"15711010"					""		2
""	"15711030"					""		2
""	"15721060"					""		2
""	"17104231"					""		2
""	"17104233"					""		2
""	"17104235"					""		2
""	"17104251"					""		2
""	"17104252"					""		2
""	"17104253"					""		2
""	"17104259"					""		2
""	"17104332"					""		2
""	"17104333"					""		2
""	"17104335"					""		2
""	"17104352"					""		2
""	"17104353"					""		2
""	"17104355"					""		2
""	"17105232"					""		2
""	"17105233"					""		2
""	"17105235"					""		2
""	"17105252"					""		2
""	"17105253"					""		2
""	"17105255"					""		2
""	"17105272"					""		2
""	"17105273"					""		2
""	"17105275"					""		2
""	"17105292"					""		2
""	"17105293"					""		2
""	"17105295"					""		2
""	"17105332"					""		2
""	"17105333"					""		2
""	"17105335"					""		2
""	"17105352"					""		2
""	"17105353"					""		2
""	"17105355"					""		2
""	"17105402"					""		2
""	"17105403"					""		2
""	"17105405"					""		2
""	"17201022"					""		2
""	"17201025"					""		2
""	"17201029"					""		2
""	"17201032"					""		2
""	"17201035"					""		2
""	"17201039"					""		2
""	"17201042"					""		2
""	"17201045"					""		2
""	"17201049"					""		2
""	"17201082"					""		2
""	"17201085"					""		2
""	"17201089"					""		2
""	"17202011"					""		2
""	"17202012"					""		2
""	"17202013"					""		2
""	"17202015"					""		2
""	"17202019"					""		2
""	"17202031"					""		2
""	"17202042"					""		2
""	"17202043"					""		2
""	"17202045"					""		2
""	"17202049"					""		2
""	"17202072"					""		2
""	"17202073"					""		2
""	"17202075"					""		2
""	"17202079"					""		2
""	"17203152"					""		2
""	"17203154"					""		2
""	"17203155"					""		2
""	"17203159"					""		2
""	"17203172"					""		2
""	"17203175"					""		2
""	"17203179"					""		2
""	"17203212"					""		2
""	"17203213"					""		2
""	"17203214"					""		2
""	"17203215"					""		2
""	"17203219"					""		2
""	"17203221"					""		2
""	"17203222"					""		2
""	"17203224"					""		2
""	"17203229"					""		2
""	"17203231"					""		2
""	"17203232"					""		2
""	"17203234"					""		2
""	"17203239"					""		2
""	"17203242"					""		2
""	"17203245"					""		2
""	"17203249"					""		2
""	"17203252"					""		2
""	"17203255"					""		2
""	"17203259"					""		2
""	"17203292"					""		2
""	"17203295"					""		2
""	"17203299"					""		2
""	"17203332"					""		2
""	"17203334"					""		2
""	"17203339"					""		2
""	"17301010"					""		2
""	"17301021"					""		2
""	"17301022"					""		2
""	"17301023"					""		2
""	"17301024"					""		2
""	"17301025"					""		2
""	"17301026"					""		2
""	"17301027"					""		2
""	"17301028"					""		2
""	"17302110"					""		2
""	"17302120"					""		2
""	"17302130"					""		2
""	"17302140"					""		2
""	"17302150"					""		2
""	"17302160"					""		2
""	"17302170"					""		2
""	"17302180"					""		2
""	"17302190"					""		2
""	"17302210"					""		2
""	"17302220"					""		2
""	"17302230"					""		2
""	"17302240"					""		2
""	"17302250"					""		2
""	"17302260"					""		2
""	"17302270"					""		2
""	"17302280"					""		2
""	"17302290"					""		2
""	"17303010"					""		2
""	"17303020"					""		2
""	"17303030"					""		2
""	"17303040"					""		2
""	"17303050"					""		2
""	"17303060"					""		2
""	"17303070"					""		2
""	"17303080"					""		2
""	"17303090"					""		2
""	"17304010"					""		2
""	"17304020"					""		2
""	"17304030"					""		2
""	"17304040"					""		2
""	"17304050"					""		2
""	"17304060"					""		2
""	"17304070"					""		2
""	"17304080"					""		2
""	"17304090"					""		2
""	"17309000"					""		2
""	"17409000"					""		2
""	"17529000"					""		2
""	"19303127"					""		2
""	"19303137"					""		2
""	"20109000"					""		2
""	"22112110"					""		2
""	"22112120"					""		2
""	"22112130"					""		2
""	"22112140"					""		2
""	"22112150"					""		2
""	"22112160"					""		2
""	"22112200"					""		2
""	"22113250"					""		2
""	"22114200"					""		2
""	"22115200"					""		2
""	"22121200"					""		2
""	"22131200"					""		2
""	"22142200"					""		2
""	"22151250"					""		2
""	"22151400"					""		2
""	"22151600"					""		2
""	"22211000"					""		2
""	"22223100"					""		2
""	"22223220"					""		2
""	"22223230"					""		2
""	"22223243"					""		2
""	"22223245"					""		2
""	"22223250"					""		2
""	"22223270"					""		2
""	"22223290"					""		2
""	"22231010"					""		2
""	"22231030"					""		2
""	"22231050"					""		2
""	"22241000"					""		2
""	"22251000"					""		2
""	"22311010"					""		2
""	"22311030"					""		2
""	"22311050"					""		2
""	"22311070"					""		2
""	"22321050"					""		2
""	"22321070"					""		2
""	"22331030"					""		2
""	"22331050"					""		2
""	"22331070"					""		2
""	"24201120"					""		2
""	"24201170"					""		2
""	"24201190"					""		2
""	"24201573"					""		2
""	"24201575"					""		2
""	"24201579"					""		2
""	"25213071"					""		2
""	"25213072"					""		2
""	"25232000"					""		2
""	"25249010"					""		2
""	"25249025"					""		2
""	"25249027"					""		2
""	"25249030"					""		2
""	"25249040"					""		2
""	"25249050"					""		2
""	"25249060"					""		2
""	"25249080"					""		2
""	"25249093"					""		2
""	"25249097"					""		2
""	"26131370"					""		2
""	"26131380"					""		2
""	"26611300"					""		2
""	"26612000"					""		2
""	"26661200"					""		2
""	"27103121"					""		2
""	"27103122"					""		2
""	"27103221"					""		2
""	"27103222"					""		2
""	"27103321"					""		2
""	"27103322"					""		2
""	"27104111"					""		2
""	"27104112"					""		2
""	"27104121"					""		2
""	"27104122"					""		2
""	"27107111"					""		2
""	"27107112"					""		2
""	"27321011"					""		2
""	"27321012"					""		2
""	"27321014"					""		2
""	"27321016"					""		2
""	"27321018"					""		2
""	"27321022"					""		2
""	"27321028"					""		2
""	"27322014"					""		2
""	"27322016"					""		2
""	"27322018"					""		2
""	"27322022"					""		2
""	"27322024"					""		2
""	"27322026"					""		2
""	"27511110"					""		2
""	"27511130"					""		2
""	"27511140"					""		2
""	"27511150"					""		2
""	"27511190"					""		2
""	"27511210"					""		2
""	"27511220"					""		2
""	"27511230"					""		2
""	"27511240"					""		2
""	"27511250"					""		2
""	"27511290"					""		2
""	"27511310"					""		2
""	"27511320"					""		2
""	"27511330"					""		2
""	"27511340"					""		2
""	"27511350"					""		2
""	"27511390"					""		2
""	"27521010"					""		2
""	"27521030"					""		2
""	"27521040"					""		2
""	"27521050"					""		2
""	"27521090"					""		2
""	"27531010"					""		2
""	"27531020"					""		2
""	"27531030"					""		2
""	"27531040"					""		2
""	"27531050"					""		2
""	"27531090"					""		2
""	"27541010"					""		2
""	"27541020"					""		2
""	"27541030"					""		2
""	"27541040"					""		2
""	"27541050"					""		2
""	"27541090"					""		2
""	"28111050"					""		2
""	"28119100"					""		2
""	"28219200"					""		2
""	"28229200"					""		2
""	"28309100"					""		2
""	"28309200"					""		2
""	"28401133"					""		2
""	"28401135"					""		2
""	"28401137"					""		2
""	"28401151"					""		2
""	"28401152"					""		2
""	"28401153"					""		2
""	"28401154"					""		2
""	"28401156"					""		2
""	"28401157"					""		2
""	"28401158"					""		2
""	"28401210"					""		2
""	"28401223"					""		2
""	"28401225"					""		2
""	"28401230"					""		2
""	"28401240"					""		2
""	"28401250"					""		2
""	"28401260"					""		2
""	"28401270"					""		2
""	"28401280"					""		2
""	"28401290"					""		2
""	"28401310"					""		2
""	"28401320"					""		2
""	"28401330"					""		2
""	"28401340"					""		2
""	"28401350"					""		2
""	"28401370"					""		2
""	"28402010"					""		2
""	"28402020"					""		2
""	"28402030"					""		2
""	"28402040"					""		2
""	"28402050"					""		2
""	"28402070"					""		2
""	"28402080"					""		2
""	"28511130"					""		2
""	"28511150"					""		2
""	"28511170"					""		2
""	"28511190"					""		2
""	"28511230"					""		2
""	"28511250"					""		2
""	"28512100"					""		2
""	"28512230"					""		2
""	"28512250"					""		2
""	"28512270"					""		2
""	"28512290"					""		2
""	"28521001"					""		2
""	"28521003"					""		2
""	"28521005"					""		2
""	"28521007"					""		2
""	"28521009"					""		2
""	"28521011"					""		2
""	"28521013"					""		2
""	"28522000"					""		2
""	"29119100"					""		2
""	"29119200"					""		2
""	"29129100"					""		2
""	"29129200"					""		2
""	"29139200"					""		2
""	"29219100"					""		2
""	"29219200"					""		2
""	"29229100"					""		2
""	"29229200"					""		2
""	"29239100"					""		2
""	"29239200"					""		2
""	"29249100"					""		2
""	"29249200"					""		2
""	"29329100"					""		2
""	"29329200"					""		2
""	"29423453"					""		2
""	"29423455"					""		2
""	"29423490"					""		2
""	"29439100"					""		2
""	"29439200"					""		2
""	"29519100"					""		2
""	"29519200"					""		2
""	"29529100"					""		2
""	"29529200"					""		2
""	"29539100"					""		2
""	"29539200"					""		2
""	"29549100"					""		2
""	"29549200"					""		2
""	"29559100"					""		2
""	"29559200"					""		2
""	"29569100"					""		2
""	"29569200"					""		2
""	"29609100"					""		2
""	"29609200"					""		2
""	"30019000"					""		2
""	"30029000"					""		2
""	"31109100"					""		2
""	"31109200"					""		2
""	"31209100"					""		2
""	"31209200"					""		2
""	"31629100"					""		2
""	"31629200"					""		2
""	"32209100"					""		2
""	"32209200"					""		2
""	"32309100"					""		2
""	"32309200"					""		2
""	"33109100"					""		2
""	"33109200"					""		2
""	"33209100"					""		2
""	"33209200"					""		2
""	"33301000"					""		2
""	"33409200"					""		2
""	"33509100"					""		2
""	"33509200"					""		2
""	"35112133"					""		2
""	"35112135"					""		2
""	"35112233"					""		2
""	"35112235"					""		2
""	"35112410"					""		2
""	"35112420"					""		2
""	"35112430"					""		2
""	"35112440"					""		2
""	"35112450"					""		2
""	"35112460"					""		2
""	"35112473"					""		2
""	"35112475"					""		2
""	"35113353"					""		2
""	"35113355"					""		2
""	"35119100"					""		2
""	"35119200"					""		2
""	"35119350"					""		2
""	"35129000"					""		2
""	"35209100"					""		2
""	"35209200"					""		2
""	"35309100"					""		2
""	"35309230"					""		2
""	"35309250"					""		2
""	"35309270"					""		2
""	"36309200"					""		2
""	"36637740"					""		2
""	"36637750"					""		2
""	"36637770"					""		2
""	"40111020"					""		2
""	"40111030"					""		2
""	"40111050"					""		2
""	"40111072"					""		2
""	"40111073"					""		2
""	"40111075"					""		2
""	"40111077"					""		2
""	"40111079"					""		2
""	"40211003"					""		2
""	"40211005"					""		2
""	"40211007"					""		2
""	"40211008"					""		2
""	"40301003"					""		2
""	"40301005"					""		2
""	"40301007"					""		2
""	"40301009"					""		2
